match_id,match_team_id,metric,source_page,team,team_id,value
2026-M001-MEX-RSA,2026-M001-MEX-RSA_MEX,goalkeeper_line_breaks,32,Mexico,MEX,13
2026-M001-MEX-RSA,2026-M001-MEX-RSA_MEX,total_distributions,32,Mexico,MEX,30
2026-M001-MEX-RSA,2026-M001-MEX-RSA_MEX,from_hands,32,Mexico,MEX,0
2026-M001-MEX-RSA,2026-M001-MEX-RSA_MEX,under_arm,32,Mexico,MEX,3
2026-M001-MEX-RSA,2026-M001-MEX-RSA_RSA,goalkeeper_line_breaks,33,South Africa,RSA,18
2026-M001-MEX-RSA,2026-M001-MEX-RSA_RSA,total_distributions,33,South Africa,RSA,39
2026-M001-MEX-RSA,2026-M001-MEX-RSA_RSA,from_hands,33,South Africa,RSA,1
2026-M001-MEX-RSA,2026-M001-MEX-RSA_RSA,under_arm,33,South Africa,RSA,7
2026-M002-KOR-CZE,2026-M002-KOR-CZE_KOR,goalkeeper_line_breaks,32,Korea Republic,KOR,17
2026-M002-KOR-CZE,2026-M002-KOR-CZE_KOR,total_distributions,32,Korea Republic,KOR,32
2026-M002-KOR-CZE,2026-M002-KOR-CZE_KOR,from_hands,32,Korea Republic,KOR,1
2026-M002-KOR-CZE,2026-M002-KOR-CZE_KOR,under_arm,32,Korea Republic,KOR,2
2026-M002-KOR-CZE,2026-M002-KOR-CZE_CZE,goalkeeper_line_breaks,33,Czechia,CZE,23
2026-M002-KOR-CZE,2026-M002-KOR-CZE_CZE,total_distributions,33,Czechia,CZE,26
2026-M002-KOR-CZE,2026-M002-KOR-CZE_CZE,from_hands,33,Czechia,CZE,0
2026-M002-KOR-CZE,2026-M002-KOR-CZE_CZE,under_arm,33,Czechia,CZE,6
2026-M003-CAN-BIH,2026-M003-CAN-BIH_CAN,goalkeeper_line_breaks,32,Canada,CAN,8
2026-M003-CAN-BIH,2026-M003-CAN-BIH_CAN,total_distributions,32,Canada,CAN,24
2026-M003-CAN-BIH,2026-M003-CAN-BIH_CAN,from_hands,32,Canada,CAN,0
2026-M003-CAN-BIH,2026-M003-CAN-BIH_CAN,under_arm,32,Canada,CAN,2
2026-M003-CAN-BIH,2026-M003-CAN-BIH_BIH,goalkeeper_line_breaks,33,Bosnia and Herzegovina,BIH,21
2026-M003-CAN-BIH,2026-M003-CAN-BIH_BIH,total_distributions,33,Bosnia and Herzegovina,BIH,24
2026-M003-CAN-BIH,2026-M003-CAN-BIH_BIH,from_hands,33,Bosnia and Herzegovina,BIH,6
2026-M003-CAN-BIH,2026-M003-CAN-BIH_BIH,under_arm,33,Bosnia and Herzegovina,BIH,3
2026-M004-USA-PAR,2026-M004-USA-PAR_USA,goalkeeper_line_breaks,32,USA,USA,9
2026-M004-USA-PAR,2026-M004-USA-PAR_USA,total_distributions,32,USA,USA,20
2026-M004-USA-PAR,2026-M004-USA-PAR_USA,from_hands,32,USA,USA,0
2026-M004-USA-PAR,2026-M004-USA-PAR_USA,under_arm,32,USA,USA,3
2026-M004-USA-PAR,2026-M004-USA-PAR_PAR,goalkeeper_line_breaks,33,Paraguay,PAR,15
2026-M004-USA-PAR,2026-M004-USA-PAR_PAR,total_distributions,33,Paraguay,PAR,21
2026-M004-USA-PAR,2026-M004-USA-PAR_PAR,from_hands,33,Paraguay,PAR,3
2026-M004-USA-PAR,2026-M004-USA-PAR_PAR,under_arm,33,Paraguay,PAR,5
2026-M005-HAI-SCO,2026-M005-HAI-SCO_HAI,goalkeeper_line_breaks,32,Haiti,HAI,11
2026-M005-HAI-SCO,2026-M005-HAI-SCO_HAI,total_distributions,32,Haiti,HAI,29
2026-M005-HAI-SCO,2026-M005-HAI-SCO_HAI,from_hands,32,Haiti,HAI,2
2026-M005-HAI-SCO,2026-M005-HAI-SCO_HAI,under_arm,32,Haiti,HAI,2
2026-M005-HAI-SCO,2026-M005-HAI-SCO_SCO,goalkeeper_line_breaks,33,Scotland,SCO,18
2026-M005-HAI-SCO,2026-M005-HAI-SCO_SCO,total_distributions,33,Scotland,SCO,36
2026-M005-HAI-SCO,2026-M005-HAI-SCO_SCO,from_hands,33,Scotland,SCO,1
2026-M005-HAI-SCO,2026-M005-HAI-SCO_SCO,under_arm,33,Scotland,SCO,5
2026-M006-AUS-TUR,2026-M006-AUS-TUR_AUS,goalkeeper_line_breaks,33,Australia,AUS,20
2026-M006-AUS-TUR,2026-M006-AUS-TUR_AUS,total_distributions,33,Australia,AUS,35
2026-M006-AUS-TUR,2026-M006-AUS-TUR_AUS,from_hands,33,Australia,AUS,1
2026-M006-AUS-TUR,2026-M006-AUS-TUR_AUS,under_arm,33,Australia,AUS,5
2026-M006-AUS-TUR,2026-M006-AUS-TUR_TUR,goalkeeper_line_breaks,34,Türkiye,TUR,3
2026-M006-AUS-TUR,2026-M006-AUS-TUR_TUR,total_distributions,34,Türkiye,TUR,19
2026-M006-AUS-TUR,2026-M006-AUS-TUR_TUR,from_hands,34,Türkiye,TUR,0
2026-M006-AUS-TUR,2026-M006-AUS-TUR_TUR,under_arm,34,Türkiye,TUR,4
2026-M007-BRA-MAR,2026-M007-BRA-MAR_BRA,goalkeeper_line_breaks,32,Brazil,BRA,9
2026-M007-BRA-MAR,2026-M007-BRA-MAR_BRA,total_distributions,32,Brazil,BRA,26
2026-M007-BRA-MAR,2026-M007-BRA-MAR_BRA,from_hands,32,Brazil,BRA,1
2026-M007-BRA-MAR,2026-M007-BRA-MAR_BRA,under_arm,32,Brazil,BRA,2
2026-M007-BRA-MAR,2026-M007-BRA-MAR_MAR,goalkeeper_line_breaks,33,Morocco,MAR,17
2026-M007-BRA-MAR,2026-M007-BRA-MAR_MAR,total_distributions,33,Morocco,MAR,34
2026-M007-BRA-MAR,2026-M007-BRA-MAR_MAR,from_hands,33,Morocco,MAR,2
2026-M007-BRA-MAR,2026-M007-BRA-MAR_MAR,under_arm,33,Morocco,MAR,3
2026-M008-QAT-SUI,2026-M008-QAT-SUI_QAT,goalkeeper_line_breaks,33,Qatar,QAT,14
2026-M008-QAT-SUI,2026-M008-QAT-SUI_QAT,total_distributions,33,Qatar,QAT,28
2026-M008-QAT-SUI,2026-M008-QAT-SUI_QAT,from_hands,33,Qatar,QAT,3
2026-M008-QAT-SUI,2026-M008-QAT-SUI_QAT,under_arm,33,Qatar,QAT,4
2026-M008-QAT-SUI,2026-M008-QAT-SUI_SUI,goalkeeper_line_breaks,34,Switzerland,SUI,3
2026-M008-QAT-SUI,2026-M008-QAT-SUI_SUI,total_distributions,34,Switzerland,SUI,18
2026-M008-QAT-SUI,2026-M008-QAT-SUI_SUI,from_hands,34,Switzerland,SUI,0
2026-M008-QAT-SUI,2026-M008-QAT-SUI_SUI,under_arm,34,Switzerland,SUI,6
2026-M009-CIV-ECU,2026-M009-CIV-ECU_CIV,goalkeeper_line_breaks,32,Côte d'Ivoire,CIV,16
2026-M009-CIV-ECU,2026-M009-CIV-ECU_CIV,total_distributions,32,Côte d'Ivoire,CIV,24
2026-M009-CIV-ECU,2026-M009-CIV-ECU_CIV,from_hands,32,Côte d'Ivoire,CIV,1
2026-M009-CIV-ECU,2026-M009-CIV-ECU_CIV,under_arm,32,Côte d'Ivoire,CIV,3
2026-M009-CIV-ECU,2026-M009-CIV-ECU_ECU,goalkeeper_line_breaks,33,Ecuador,ECU,20
2026-M009-CIV-ECU,2026-M009-CIV-ECU_ECU,total_distributions,33,Ecuador,ECU,31
2026-M009-CIV-ECU,2026-M009-CIV-ECU_ECU,from_hands,33,Ecuador,ECU,0
2026-M009-CIV-ECU,2026-M009-CIV-ECU_ECU,under_arm,33,Ecuador,ECU,6
2026-M010-GER-CUW,2026-M010-GER-CUW_GER,goalkeeper_line_breaks,33,Germany,GER,7
2026-M010-GER-CUW,2026-M010-GER-CUW_GER,total_distributions,33,Germany,GER,22
2026-M010-GER-CUW,2026-M010-GER-CUW_GER,from_hands,33,Germany,GER,0
2026-M010-GER-CUW,2026-M010-GER-CUW_GER,under_arm,33,Germany,GER,2
2026-M010-GER-CUW,2026-M010-GER-CUW_CUW,goalkeeper_line_breaks,34,Curaçao,CUW,16
2026-M010-GER-CUW,2026-M010-GER-CUW_CUW,total_distributions,34,Curaçao,CUW,29
2026-M010-GER-CUW,2026-M010-GER-CUW_CUW,from_hands,34,Curaçao,CUW,0
2026-M010-GER-CUW,2026-M010-GER-CUW_CUW,under_arm,34,Curaçao,CUW,6
2026-M011-NED-JPN,2026-M011-NED-JPN_NED,goalkeeper_line_breaks,32,Netherlands,NED,11
2026-M011-NED-JPN,2026-M011-NED-JPN_NED,total_distributions,32,Netherlands,NED,30
2026-M011-NED-JPN,2026-M011-NED-JPN_NED,from_hands,32,Netherlands,NED,0
2026-M011-NED-JPN,2026-M011-NED-JPN_NED,under_arm,32,Netherlands,NED,2
2026-M011-NED-JPN,2026-M011-NED-JPN_JPN,goalkeeper_line_breaks,33,Japan,JPN,9
2026-M011-NED-JPN,2026-M011-NED-JPN_JPN,total_distributions,33,Japan,JPN,18
2026-M011-NED-JPN,2026-M011-NED-JPN_JPN,from_hands,33,Japan,JPN,2
2026-M011-NED-JPN,2026-M011-NED-JPN_JPN,under_arm,33,Japan,JPN,4
2026-M012-SWE-TUN,2026-M012-SWE-TUN_SWE,goalkeeper_line_breaks,32,Sweden,SWE,15
2026-M012-SWE-TUN,2026-M012-SWE-TUN_SWE,total_distributions,32,Sweden,SWE,28
2026-M012-SWE-TUN,2026-M012-SWE-TUN_SWE,from_hands,32,Sweden,SWE,0
2026-M012-SWE-TUN,2026-M012-SWE-TUN_SWE,under_arm,32,Sweden,SWE,1
2026-M012-SWE-TUN,2026-M012-SWE-TUN_TUN,goalkeeper_line_breaks,33,Tunisia,TUN,9
2026-M012-SWE-TUN,2026-M012-SWE-TUN_TUN,total_distributions,33,Tunisia,TUN,17
2026-M012-SWE-TUN,2026-M012-SWE-TUN_TUN,from_hands,33,Tunisia,TUN,1
2026-M012-SWE-TUN,2026-M012-SWE-TUN_TUN,under_arm,33,Tunisia,TUN,4
2026-M013-KSA-URU,2026-M013-KSA-URU_KSA,goalkeeper_line_breaks,33,Saudi Arabia,KSA,21
2026-M013-KSA-URU,2026-M013-KSA-URU_KSA,total_distributions,33,Saudi Arabia,KSA,28
2026-M013-KSA-URU,2026-M013-KSA-URU_KSA,from_hands,33,Saudi Arabia,KSA,0
2026-M013-KSA-URU,2026-M013-KSA-URU_KSA,under_arm,33,Saudi Arabia,KSA,2
2026-M013-KSA-URU,2026-M013-KSA-URU_URU,goalkeeper_line_breaks,34,Uruguay,URU,5
2026-M013-KSA-URU,2026-M013-KSA-URU_URU,total_distributions,34,Uruguay,URU,29
2026-M013-KSA-URU,2026-M013-KSA-URU_URU,from_hands,34,Uruguay,URU,1
2026-M013-KSA-URU,2026-M013-KSA-URU_URU,under_arm,34,Uruguay,URU,2
2026-M014-ESP-CPV,2026-M014-ESP-CPV_ESP,goalkeeper_line_breaks,33,Spain,ESP,1
2026-M014-ESP-CPV,2026-M014-ESP-CPV_ESP,total_distributions,33,Spain,ESP,17
2026-M014-ESP-CPV,2026-M014-ESP-CPV_ESP,from_hands,33,Spain,ESP,0
2026-M014-ESP-CPV,2026-M014-ESP-CPV_ESP,under_arm,33,Spain,ESP,7
2026-M014-ESP-CPV,2026-M014-ESP-CPV_CPV,goalkeeper_line_breaks,34,Cabo Verde,CPV,25
2026-M014-ESP-CPV,2026-M014-ESP-CPV_CPV,total_distributions,34,Cabo Verde,CPV,42
2026-M014-ESP-CPV,2026-M014-ESP-CPV_CPV,from_hands,34,Cabo Verde,CPV,1
2026-M014-ESP-CPV,2026-M014-ESP-CPV_CPV,under_arm,34,Cabo Verde,CPV,10
2026-M015-IRN-NZL,2026-M015-IRN-NZL_IRN,goalkeeper_line_breaks,32,IR Iran,IRN,6
2026-M015-IRN-NZL,2026-M015-IRN-NZL_IRN,total_distributions,32,IR Iran,IRN,15
2026-M015-IRN-NZL,2026-M015-IRN-NZL_IRN,from_hands,32,IR Iran,IRN,1
2026-M015-IRN-NZL,2026-M015-IRN-NZL_IRN,under_arm,32,IR Iran,IRN,7
2026-M015-IRN-NZL,2026-M015-IRN-NZL_NZL,goalkeeper_line_breaks,33,New Zealand,NZL,13
2026-M015-IRN-NZL,2026-M015-IRN-NZL_NZL,total_distributions,33,New Zealand,NZL,38
2026-M015-IRN-NZL,2026-M015-IRN-NZL_NZL,from_hands,33,New Zealand,NZL,0
2026-M015-IRN-NZL,2026-M015-IRN-NZL_NZL,under_arm,33,New Zealand,NZL,3
2026-M016-BEL-EGY,2026-M016-BEL-EGY_BEL,goalkeeper_line_breaks,32,Belgium,BEL,6
2026-M016-BEL-EGY,2026-M016-BEL-EGY_BEL,total_distributions,32,Belgium,BEL,13
2026-M016-BEL-EGY,2026-M016-BEL-EGY_BEL,from_hands,32,Belgium,BEL,0
2026-M016-BEL-EGY,2026-M016-BEL-EGY_BEL,under_arm,32,Belgium,BEL,5
2026-M016-BEL-EGY,2026-M016-BEL-EGY_EGY,goalkeeper_line_breaks,33,Egypt,EGY,14
2026-M016-BEL-EGY,2026-M016-BEL-EGY_EGY,total_distributions,33,Egypt,EGY,29
2026-M016-BEL-EGY,2026-M016-BEL-EGY_EGY,from_hands,33,Egypt,EGY,2
2026-M016-BEL-EGY,2026-M016-BEL-EGY_EGY,under_arm,33,Egypt,EGY,2
2026-M017-FRA-SEN,2026-M017-FRA-SEN_FRA,goalkeeper_line_breaks,32,France,FRA,18
2026-M017-FRA-SEN,2026-M017-FRA-SEN_FRA,total_distributions,32,France,FRA,39
2026-M017-FRA-SEN,2026-M017-FRA-SEN_FRA,from_hands,32,France,FRA,0
2026-M017-FRA-SEN,2026-M017-FRA-SEN_FRA,under_arm,32,France,FRA,7
2026-M017-FRA-SEN,2026-M017-FRA-SEN_SEN,goalkeeper_line_breaks,33,Senegal,SEN,16
2026-M017-FRA-SEN,2026-M017-FRA-SEN_SEN,total_distributions,33,Senegal,SEN,36
2026-M017-FRA-SEN,2026-M017-FRA-SEN_SEN,from_hands,33,Senegal,SEN,0
2026-M017-FRA-SEN,2026-M017-FRA-SEN_SEN,under_arm,33,Senegal,SEN,5
2026-M018-IRQ-NOR,2026-M018-IRQ-NOR_IRQ,goalkeeper_line_breaks,32,Iraq,IRQ,16
2026-M018-IRQ-NOR,2026-M018-IRQ-NOR_IRQ,total_distributions,32,Iraq,IRQ,30
2026-M018-IRQ-NOR,2026-M018-IRQ-NOR_IRQ,from_hands,32,Iraq,IRQ,0
2026-M018-IRQ-NOR,2026-M018-IRQ-NOR_IRQ,under_arm,32,Iraq,IRQ,5
2026-M018-IRQ-NOR,2026-M018-IRQ-NOR_NOR,goalkeeper_line_breaks,33,Norway,NOR,14
2026-M018-IRQ-NOR,2026-M018-IRQ-NOR_NOR,total_distributions,33,Norway,NOR,31
2026-M018-IRQ-NOR,2026-M018-IRQ-NOR_NOR,from_hands,33,Norway,NOR,0
2026-M018-IRQ-NOR,2026-M018-IRQ-NOR_NOR,under_arm,33,Norway,NOR,3
2026-M019-ARG-ALG,2026-M019-ARG-ALG_ARG,goalkeeper_line_breaks,32,Argentina,ARG,16
2026-M019-ARG-ALG,2026-M019-ARG-ALG_ARG,total_distributions,32,Argentina,ARG,40
2026-M019-ARG-ALG,2026-M019-ARG-ALG_ARG,from_hands,32,Argentina,ARG,1
2026-M019-ARG-ALG,2026-M019-ARG-ALG_ARG,under_arm,32,Argentina,ARG,0
2026-M019-ARG-ALG,2026-M019-ARG-ALG_ALG,goalkeeper_line_breaks,33,Algeria,ALG,5
2026-M019-ARG-ALG,2026-M019-ARG-ALG_ALG,total_distributions,33,Algeria,ALG,37
2026-M019-ARG-ALG,2026-M019-ARG-ALG_ALG,from_hands,33,Algeria,ALG,0
2026-M019-ARG-ALG,2026-M019-ARG-ALG_ALG,under_arm,33,Algeria,ALG,2
2026-M020-AUT-JOR,2026-M020-AUT-JOR_AUT,goalkeeper_line_breaks,32,Austria,AUT,11
2026-M020-AUT-JOR,2026-M020-AUT-JOR_AUT,total_distributions,32,Austria,AUT,30
2026-M020-AUT-JOR,2026-M020-AUT-JOR_AUT,from_hands,32,Austria,AUT,1
2026-M020-AUT-JOR,2026-M020-AUT-JOR_AUT,under_arm,32,Austria,AUT,0
2026-M020-AUT-JOR,2026-M020-AUT-JOR_JOR,goalkeeper_line_breaks,33,Jordan,JOR,14
2026-M020-AUT-JOR,2026-M020-AUT-JOR_JOR,total_distributions,33,Jordan,JOR,25
2026-M020-AUT-JOR,2026-M020-AUT-JOR_JOR,from_hands,33,Jordan,JOR,1
2026-M020-AUT-JOR,2026-M020-AUT-JOR_JOR,under_arm,33,Jordan,JOR,1
2026-M021-GHA-PAN,2026-M021-GHA-PAN_GHA,goalkeeper_line_breaks,32,Ghana,GHA,12
2026-M021-GHA-PAN,2026-M021-GHA-PAN_GHA,total_distributions,32,Ghana,GHA,18
2026-M021-GHA-PAN,2026-M021-GHA-PAN_GHA,from_hands,32,Ghana,GHA,3
2026-M021-GHA-PAN,2026-M021-GHA-PAN_GHA,under_arm,32,Ghana,GHA,4
2026-M021-GHA-PAN,2026-M021-GHA-PAN_PAN,goalkeeper_line_breaks,33,Panama,PAN,6
2026-M021-GHA-PAN,2026-M021-GHA-PAN_PAN,total_distributions,33,Panama,PAN,30
2026-M021-GHA-PAN,2026-M021-GHA-PAN_PAN,from_hands,33,Panama,PAN,0
2026-M021-GHA-PAN,2026-M021-GHA-PAN_PAN,under_arm,33,Panama,PAN,3
2026-M022-ENG-CRO,2026-M022-ENG-CRO_ENG,goalkeeper_line_breaks,33,England,ENG,19
2026-M022-ENG-CRO,2026-M022-ENG-CRO_ENG,total_distributions,33,England,ENG,55
2026-M022-ENG-CRO,2026-M022-ENG-CRO_ENG,from_hands,33,England,ENG,1
2026-M022-ENG-CRO,2026-M022-ENG-CRO_ENG,under_arm,33,England,ENG,6
2026-M022-ENG-CRO,2026-M022-ENG-CRO_CRO,goalkeeper_line_breaks,34,Croatia,CRO,19
2026-M022-ENG-CRO,2026-M022-ENG-CRO_CRO,total_distributions,34,Croatia,CRO,35
2026-M022-ENG-CRO,2026-M022-ENG-CRO_CRO,from_hands,34,Croatia,CRO,0
2026-M022-ENG-CRO,2026-M022-ENG-CRO_CRO,under_arm,34,Croatia,CRO,4
2026-M023-POR-COD,2026-M023-POR-COD_POR,goalkeeper_line_breaks,32,Portugal,POR,9
2026-M023-POR-COD,2026-M023-POR-COD_POR,total_distributions,32,Portugal,POR,29
2026-M023-POR-COD,2026-M023-POR-COD_POR,from_hands,32,Portugal,POR,0
2026-M023-POR-COD,2026-M023-POR-COD_POR,under_arm,32,Portugal,POR,5
2026-M023-POR-COD,2026-M023-POR-COD_COD,goalkeeper_line_breaks,33,Congo DR,COD,16
2026-M023-POR-COD,2026-M023-POR-COD_COD,total_distributions,33,Congo DR,COD,23
2026-M023-POR-COD,2026-M023-POR-COD_COD,from_hands,33,Congo DR,COD,2
2026-M023-POR-COD,2026-M023-POR-COD_COD,under_arm,33,Congo DR,COD,5
2026-M024-UZB-COL,2026-M024-UZB-COL_UZB,goalkeeper_line_breaks,32,Uzbekistan,UZB,12
2026-M024-UZB-COL,2026-M024-UZB-COL_UZB,total_distributions,32,Uzbekistan,UZB,22
2026-M024-UZB-COL,2026-M024-UZB-COL_UZB,from_hands,32,Uzbekistan,UZB,1
2026-M024-UZB-COL,2026-M024-UZB-COL_UZB,under_arm,32,Uzbekistan,UZB,6
2026-M024-UZB-COL,2026-M024-UZB-COL_COL,goalkeeper_line_breaks,33,Colombia,COL,14
2026-M024-UZB-COL,2026-M024-UZB-COL_COL,total_distributions,33,Colombia,COL,38
2026-M024-UZB-COL,2026-M024-UZB-COL_COL,from_hands,33,Colombia,COL,0
2026-M024-UZB-COL,2026-M024-UZB-COL_COL,under_arm,33,Colombia,COL,2
2026-M025-CZE-RSA,2026-M025-CZE-RSA_CZE,goalkeeper_line_breaks,32,Czechia,CZE,11
2026-M025-CZE-RSA,2026-M025-CZE-RSA_CZE,total_distributions,32,Czechia,CZE,24
2026-M025-CZE-RSA,2026-M025-CZE-RSA_CZE,from_hands,32,Czechia,CZE,0
2026-M025-CZE-RSA,2026-M025-CZE-RSA_CZE,under_arm,32,Czechia,CZE,3
2026-M025-CZE-RSA,2026-M025-CZE-RSA_RSA,goalkeeper_line_breaks,33,South Africa,RSA,23
2026-M025-CZE-RSA,2026-M025-CZE-RSA_RSA,total_distributions,33,South Africa,RSA,63
2026-M025-CZE-RSA,2026-M025-CZE-RSA_RSA,from_hands,33,South Africa,RSA,1
2026-M025-CZE-RSA,2026-M025-CZE-RSA_RSA,under_arm,33,South Africa,RSA,1
2026-M026-SUI-BIH,2026-M026-SUI-BIH_SUI,goalkeeper_line_breaks,32,Switzerland,SUI,16
2026-M026-SUI-BIH,2026-M026-SUI-BIH_SUI,total_distributions,32,Switzerland,SUI,36
2026-M026-SUI-BIH,2026-M026-SUI-BIH_SUI,from_hands,32,Switzerland,SUI,0
2026-M026-SUI-BIH,2026-M026-SUI-BIH_SUI,under_arm,32,Switzerland,SUI,2
2026-M026-SUI-BIH,2026-M026-SUI-BIH_BIH,goalkeeper_line_breaks,33,Bosnia and Herzegovina,BIH,18
2026-M026-SUI-BIH,2026-M026-SUI-BIH_BIH,total_distributions,33,Bosnia and Herzegovina,BIH,34
2026-M026-SUI-BIH,2026-M026-SUI-BIH_BIH,from_hands,33,Bosnia and Herzegovina,BIH,4
2026-M026-SUI-BIH,2026-M026-SUI-BIH_BIH,under_arm,33,Bosnia and Herzegovina,BIH,4
2026-M027-CAN-QAT,2026-M027-CAN-QAT_CAN,goalkeeper_line_breaks,33,Canada,CAN,1
2026-M027-CAN-QAT,2026-M027-CAN-QAT_CAN,total_distributions,33,Canada,CAN,16
2026-M027-CAN-QAT,2026-M027-CAN-QAT_CAN,from_hands,33,Canada,CAN,0
2026-M027-CAN-QAT,2026-M027-CAN-QAT_CAN,under_arm,33,Canada,CAN,2
2026-M027-CAN-QAT,2026-M027-CAN-QAT_QAT,goalkeeper_line_breaks,34,Qatar,QAT,22
2026-M027-CAN-QAT,2026-M027-CAN-QAT_QAT,total_distributions,34,Qatar,QAT,24
2026-M027-CAN-QAT,2026-M027-CAN-QAT_QAT,from_hands,34,Qatar,QAT,6
2026-M027-CAN-QAT,2026-M027-CAN-QAT_QAT,under_arm,34,Qatar,QAT,1
2026-M028-MEX-KOR,2026-M028-MEX-KOR_MEX,goalkeeper_line_breaks,32,Mexico,MEX,18
2026-M028-MEX-KOR,2026-M028-MEX-KOR_MEX,total_distributions,32,Mexico,MEX,31
2026-M028-MEX-KOR,2026-M028-MEX-KOR_MEX,from_hands,32,Mexico,MEX,1
2026-M028-MEX-KOR,2026-M028-MEX-KOR_MEX,under_arm,32,Mexico,MEX,3
2026-M028-MEX-KOR,2026-M028-MEX-KOR_KOR,goalkeeper_line_breaks,33,Korea Republic,KOR,15
2026-M028-MEX-KOR,2026-M028-MEX-KOR_KOR,total_distributions,33,Korea Republic,KOR,35
2026-M028-MEX-KOR,2026-M028-MEX-KOR_KOR,from_hands,33,Korea Republic,KOR,0
2026-M028-MEX-KOR,2026-M028-MEX-KOR_KOR,under_arm,33,Korea Republic,KOR,6
2026-M029-BRA-HAI,2026-M029-BRA-HAI_BRA,goalkeeper_line_breaks,32,Brazil,BRA,8
2026-M029-BRA-HAI,2026-M029-BRA-HAI_BRA,total_distributions,32,Brazil,BRA,29
2026-M029-BRA-HAI,2026-M029-BRA-HAI_BRA,from_hands,32,Brazil,BRA,0
2026-M029-BRA-HAI,2026-M029-BRA-HAI_BRA,under_arm,32,Brazil,BRA,5
2026-M029-BRA-HAI,2026-M029-BRA-HAI_HAI,goalkeeper_line_breaks,33,Haiti,HAI,20
2026-M029-BRA-HAI,2026-M029-BRA-HAI_HAI,total_distributions,33,Haiti,HAI,31
2026-M029-BRA-HAI,2026-M029-BRA-HAI_HAI,from_hands,33,Haiti,HAI,1
2026-M029-BRA-HAI,2026-M029-BRA-HAI_HAI,under_arm,33,Haiti,HAI,2
2026-M030-SCO-MAR,2026-M030-SCO-MAR_SCO,goalkeeper_line_breaks,32,Scotland,SCO,7
2026-M030-SCO-MAR,2026-M030-SCO-MAR_SCO,total_distributions,32,Scotland,SCO,28
2026-M030-SCO-MAR,2026-M030-SCO-MAR_SCO,from_hands,32,Scotland,SCO,0
2026-M030-SCO-MAR,2026-M030-SCO-MAR_SCO,under_arm,32,Scotland,SCO,7
2026-M030-SCO-MAR,2026-M030-SCO-MAR_MAR,goalkeeper_line_breaks,33,Morocco,MAR,11
2026-M030-SCO-MAR,2026-M030-SCO-MAR_MAR,total_distributions,33,Morocco,MAR,32
2026-M030-SCO-MAR,2026-M030-SCO-MAR_MAR,from_hands,33,Morocco,MAR,5
2026-M030-SCO-MAR,2026-M030-SCO-MAR_MAR,under_arm,33,Morocco,MAR,2
2026-M031-TUR-PAR,2026-M031-TUR-PAR_TUR,goalkeeper_line_breaks,33,Türkiye,TUR,7
2026-M031-TUR-PAR,2026-M031-TUR-PAR_TUR,total_distributions,33,Türkiye,TUR,30
2026-M031-TUR-PAR,2026-M031-TUR-PAR_TUR,from_hands,33,Türkiye,TUR,0
2026-M031-TUR-PAR,2026-M031-TUR-PAR_TUR,under_arm,33,Türkiye,TUR,1
2026-M031-TUR-PAR,2026-M031-TUR-PAR_PAR,goalkeeper_line_breaks,34,Paraguay,PAR,27
2026-M031-TUR-PAR,2026-M031-TUR-PAR_PAR,total_distributions,34,Paraguay,PAR,29
2026-M031-TUR-PAR,2026-M031-TUR-PAR_PAR,from_hands,34,Paraguay,PAR,6
2026-M031-TUR-PAR,2026-M031-TUR-PAR_PAR,under_arm,34,Paraguay,PAR,0
2026-M032-USA-AUS,2026-M032-USA-AUS_USA,goalkeeper_line_breaks,32,USA,USA,14
2026-M032-USA-AUS,2026-M032-USA-AUS_USA,total_distributions,32,USA,USA,24
2026-M032-USA-AUS,2026-M032-USA-AUS_USA,from_hands,32,USA,USA,1
2026-M032-USA-AUS,2026-M032-USA-AUS_USA,under_arm,32,USA,USA,3
2026-M032-USA-AUS,2026-M032-USA-AUS_AUS,goalkeeper_line_breaks,33,Australia,AUS,11
2026-M032-USA-AUS,2026-M032-USA-AUS_AUS,total_distributions,33,Australia,AUS,14
2026-M032-USA-AUS,2026-M032-USA-AUS_AUS,from_hands,33,Australia,AUS,0
2026-M032-USA-AUS,2026-M032-USA-AUS_AUS,under_arm,33,Australia,AUS,4
2026-M033-GER-CIV,2026-M033-GER-CIV_GER,goalkeeper_line_breaks,32,Germany,GER,8
2026-M033-GER-CIV,2026-M033-GER-CIV_GER,total_distributions,32,Germany,GER,19
2026-M033-GER-CIV,2026-M033-GER-CIV_GER,from_hands,32,Germany,GER,0
2026-M033-GER-CIV,2026-M033-GER-CIV_GER,under_arm,32,Germany,GER,5
2026-M033-GER-CIV,2026-M033-GER-CIV_CIV,goalkeeper_line_breaks,33,Côte d'Ivoire,CIV,21
2026-M033-GER-CIV,2026-M033-GER-CIV_CIV,total_distributions,33,Côte d'Ivoire,CIV,30
2026-M033-GER-CIV,2026-M033-GER-CIV_CIV,from_hands,33,Côte d'Ivoire,CIV,7
2026-M033-GER-CIV,2026-M033-GER-CIV_CIV,under_arm,33,Côte d'Ivoire,CIV,3
2026-M034-ECU-CUW,2026-M034-ECU-CUW_ECU,goalkeeper_line_breaks,33,Ecuador,ECU,4
2026-M034-ECU-CUW,2026-M034-ECU-CUW_ECU,total_distributions,33,Ecuador,ECU,13
2026-M034-ECU-CUW,2026-M034-ECU-CUW_ECU,from_hands,33,Ecuador,ECU,2
2026-M034-ECU-CUW,2026-M034-ECU-CUW_ECU,under_arm,33,Ecuador,ECU,5
2026-M034-ECU-CUW,2026-M034-ECU-CUW_CUW,goalkeeper_line_breaks,34,Curaçao,CUW,25
2026-M034-ECU-CUW,2026-M034-ECU-CUW_CUW,total_distributions,34,Curaçao,CUW,24
2026-M034-ECU-CUW,2026-M034-ECU-CUW_CUW,from_hands,34,Curaçao,CUW,6
2026-M034-ECU-CUW,2026-M034-ECU-CUW_CUW,under_arm,34,Curaçao,CUW,6
2026-M035-NED-SWE,2026-M035-NED-SWE_NED,goalkeeper_line_breaks,32,Netherlands,NED,15
2026-M035-NED-SWE,2026-M035-NED-SWE_NED,total_distributions,32,Netherlands,NED,33
2026-M035-NED-SWE,2026-M035-NED-SWE_NED,from_hands,32,Netherlands,NED,2
2026-M035-NED-SWE,2026-M035-NED-SWE_NED,under_arm,32,Netherlands,NED,0
2026-M035-NED-SWE,2026-M035-NED-SWE_SWE,goalkeeper_line_breaks,33,Sweden,SWE,13
2026-M035-NED-SWE,2026-M035-NED-SWE_SWE,total_distributions,33,Sweden,SWE,33
2026-M035-NED-SWE,2026-M035-NED-SWE_SWE,from_hands,33,Sweden,SWE,1
2026-M035-NED-SWE,2026-M035-NED-SWE_SWE,under_arm,33,Sweden,SWE,3
2026-M036-TUN-JPN,2026-M036-TUN-JPN_TUN,goalkeeper_line_breaks,32,Tunisia,TUN,15
2026-M036-TUN-JPN,2026-M036-TUN-JPN_TUN,total_distributions,32,Tunisia,TUN,22
2026-M036-TUN-JPN,2026-M036-TUN-JPN_TUN,from_hands,32,Tunisia,TUN,1
2026-M036-TUN-JPN,2026-M036-TUN-JPN_TUN,under_arm,32,Tunisia,TUN,0
2026-M036-TUN-JPN,2026-M036-TUN-JPN_JPN,goalkeeper_line_breaks,33,Japan,JPN,4
2026-M036-TUN-JPN,2026-M036-TUN-JPN_JPN,total_distributions,33,Japan,JPN,19
2026-M036-TUN-JPN,2026-M036-TUN-JPN_JPN,from_hands,33,Japan,JPN,0
2026-M036-TUN-JPN,2026-M036-TUN-JPN_JPN,under_arm,33,Japan,JPN,3
2026-M037-URU-CPV,2026-M037-URU-CPV_URU,goalkeeper_line_breaks,32,Uruguay,URU,7
2026-M037-URU-CPV,2026-M037-URU-CPV_URU,total_distributions,32,Uruguay,URU,21
2026-M037-URU-CPV,2026-M037-URU-CPV_URU,from_hands,32,Uruguay,URU,1
2026-M037-URU-CPV,2026-M037-URU-CPV_URU,under_arm,32,Uruguay,URU,3
2026-M037-URU-CPV,2026-M037-URU-CPV_CPV,goalkeeper_line_breaks,33,Cabo Verde,CPV,16
2026-M037-URU-CPV,2026-M037-URU-CPV_CPV,total_distributions,33,Cabo Verde,CPV,28
2026-M037-URU-CPV,2026-M037-URU-CPV_CPV,from_hands,33,Cabo Verde,CPV,2
2026-M037-URU-CPV,2026-M037-URU-CPV_CPV,under_arm,33,Cabo Verde,CPV,5
2026-M038-ESP-KSA,2026-M038-ESP-KSA_ESP,goalkeeper_line_breaks,33,Spain,ESP,9
2026-M038-ESP-KSA,2026-M038-ESP-KSA_ESP,total_distributions,33,Spain,ESP,28
2026-M038-ESP-KSA,2026-M038-ESP-KSA_ESP,from_hands,33,Spain,ESP,0
2026-M038-ESP-KSA,2026-M038-ESP-KSA_ESP,under_arm,33,Spain,ESP,7
2026-M038-ESP-KSA,2026-M038-ESP-KSA_KSA,goalkeeper_line_breaks,34,Saudi Arabia,KSA,17
2026-M038-ESP-KSA,2026-M038-ESP-KSA_KSA,total_distributions,34,Saudi Arabia,KSA,34
2026-M038-ESP-KSA,2026-M038-ESP-KSA_KSA,from_hands,34,Saudi Arabia,KSA,0
2026-M038-ESP-KSA,2026-M038-ESP-KSA_KSA,under_arm,34,Saudi Arabia,KSA,3
2026-M039-BEL-IRN,2026-M039-BEL-IRN_BEL,goalkeeper_line_breaks,33,Belgium,BEL,12
2026-M039-BEL-IRN,2026-M039-BEL-IRN_BEL,total_distributions,33,Belgium,BEL,21
2026-M039-BEL-IRN,2026-M039-BEL-IRN_BEL,from_hands,33,Belgium,BEL,1
2026-M039-BEL-IRN,2026-M039-BEL-IRN_BEL,under_arm,33,Belgium,BEL,6
2026-M039-BEL-IRN,2026-M039-BEL-IRN_IRN,goalkeeper_line_breaks,34,IR Iran,IRN,24
2026-M039-BEL-IRN,2026-M039-BEL-IRN_IRN,total_distributions,34,IR Iran,IRN,27
2026-M039-BEL-IRN,2026-M039-BEL-IRN_IRN,from_hands,34,IR Iran,IRN,7
2026-M039-BEL-IRN,2026-M039-BEL-IRN_IRN,under_arm,34,IR Iran,IRN,3
2026-M040-NZL-EGY,2026-M040-NZL-EGY_NZL,goalkeeper_line_breaks,33,New Zealand,NZL,18
2026-M040-NZL-EGY,2026-M040-NZL-EGY_NZL,total_distributions,33,New Zealand,NZL,25
2026-M040-NZL-EGY,2026-M040-NZL-EGY_NZL,from_hands,33,New Zealand,NZL,5
2026-M040-NZL-EGY,2026-M040-NZL-EGY_NZL,under_arm,33,New Zealand,NZL,4
2026-M040-NZL-EGY,2026-M040-NZL-EGY_EGY,goalkeeper_line_breaks,34,Egypt,EGY,5
2026-M040-NZL-EGY,2026-M040-NZL-EGY_EGY,total_distributions,34,Egypt,EGY,16
2026-M040-NZL-EGY,2026-M040-NZL-EGY_EGY,from_hands,34,Egypt,EGY,1
2026-M040-NZL-EGY,2026-M040-NZL-EGY_EGY,under_arm,34,Egypt,EGY,2
2026-M041-NOR-SEN,2026-M041-NOR-SEN_NOR,goalkeeper_line_breaks,32,Norway,NOR,30
2026-M041-NOR-SEN,2026-M041-NOR-SEN_NOR,total_distributions,32,Norway,NOR,37
2026-M041-NOR-SEN,2026-M041-NOR-SEN_NOR,from_hands,32,Norway,NOR,3
2026-M041-NOR-SEN,2026-M041-NOR-SEN_NOR,under_arm,32,Norway,NOR,5
2026-M041-NOR-SEN,2026-M041-NOR-SEN_SEN,goalkeeper_line_breaks,33,Senegal,SEN,11
2026-M041-NOR-SEN,2026-M041-NOR-SEN_SEN,total_distributions,33,Senegal,SEN,27
2026-M041-NOR-SEN,2026-M041-NOR-SEN_SEN,from_hands,33,Senegal,SEN,2
2026-M041-NOR-SEN,2026-M041-NOR-SEN_SEN,under_arm,33,Senegal,SEN,2
2026-M042-FRA-IRQ,2026-M042-FRA-IRQ_FRA,goalkeeper_line_breaks,33,France,FRA,1
2026-M042-FRA-IRQ,2026-M042-FRA-IRQ_FRA,total_distributions,33,France,FRA,10
2026-M042-FRA-IRQ,2026-M042-FRA-IRQ_FRA,from_hands,33,France,FRA,0
2026-M042-FRA-IRQ,2026-M042-FRA-IRQ_FRA,under_arm,33,France,FRA,2
2026-M042-FRA-IRQ,2026-M042-FRA-IRQ_IRQ,goalkeeper_line_breaks,34,Iraq,IRQ,16
2026-M042-FRA-IRQ,2026-M042-FRA-IRQ_IRQ,total_distributions,34,Iraq,IRQ,41
2026-M042-FRA-IRQ,2026-M042-FRA-IRQ_IRQ,from_hands,34,Iraq,IRQ,2
2026-M042-FRA-IRQ,2026-M042-FRA-IRQ_IRQ,under_arm,34,Iraq,IRQ,4
2026-M043-ARG-AUT,2026-M043-ARG-AUT_ARG,goalkeeper_line_breaks,32,Argentina,ARG,9
2026-M043-ARG-AUT,2026-M043-ARG-AUT_ARG,total_distributions,32,Argentina,ARG,22
2026-M043-ARG-AUT,2026-M043-ARG-AUT_ARG,from_hands,32,Argentina,ARG,2
2026-M043-ARG-AUT,2026-M043-ARG-AUT_ARG,under_arm,32,Argentina,ARG,2
2026-M043-ARG-AUT,2026-M043-ARG-AUT_AUT,goalkeeper_line_breaks,33,Austria,AUT,5
2026-M043-ARG-AUT,2026-M043-ARG-AUT_AUT,total_distributions,33,Austria,AUT,27
2026-M043-ARG-AUT,2026-M043-ARG-AUT_AUT,from_hands,33,Austria,AUT,1
2026-M043-ARG-AUT,2026-M043-ARG-AUT_AUT,under_arm,33,Austria,AUT,0
2026-M044-JOR-ALG,2026-M044-JOR-ALG_JOR,goalkeeper_line_breaks,32,Jordan,JOR,16
2026-M044-JOR-ALG,2026-M044-JOR-ALG_JOR,total_distributions,32,Jordan,JOR,13
2026-M044-JOR-ALG,2026-M044-JOR-ALG_JOR,from_hands,32,Jordan,JOR,5
2026-M044-JOR-ALG,2026-M044-JOR-ALG_JOR,under_arm,32,Jordan,JOR,4
2026-M044-JOR-ALG,2026-M044-JOR-ALG_ALG,goalkeeper_line_breaks,33,Algeria,ALG,6
2026-M044-JOR-ALG,2026-M044-JOR-ALG_ALG,total_distributions,33,Algeria,ALG,18
2026-M044-JOR-ALG,2026-M044-JOR-ALG_ALG,from_hands,33,Algeria,ALG,0
2026-M044-JOR-ALG,2026-M044-JOR-ALG_ALG,under_arm,33,Algeria,ALG,9
2026-M045-ENG-GHA,2026-M045-ENG-GHA_ENG,goalkeeper_line_breaks,33,England,ENG,6
2026-M045-ENG-GHA,2026-M045-ENG-GHA_ENG,total_distributions,33,England,ENG,23
2026-M045-ENG-GHA,2026-M045-ENG-GHA_ENG,from_hands,33,England,ENG,0
2026-M045-ENG-GHA,2026-M045-ENG-GHA_ENG,under_arm,33,England,ENG,1
2026-M045-ENG-GHA,2026-M045-ENG-GHA_GHA,goalkeeper_line_breaks,34,Ghana,GHA,17
2026-M045-ENG-GHA,2026-M045-ENG-GHA_GHA,total_distributions,34,Ghana,GHA,23
2026-M045-ENG-GHA,2026-M045-ENG-GHA_GHA,from_hands,34,Ghana,GHA,2
2026-M045-ENG-GHA,2026-M045-ENG-GHA_GHA,under_arm,34,Ghana,GHA,1
2026-M046-PAN-CRO,2026-M046-PAN-CRO_PAN,goalkeeper_line_breaks,32,Panama,PAN,14
2026-M046-PAN-CRO,2026-M046-PAN-CRO_PAN,total_distributions,32,Panama,PAN,23
2026-M046-PAN-CRO,2026-M046-PAN-CRO_PAN,from_hands,32,Panama,PAN,0
2026-M046-PAN-CRO,2026-M046-PAN-CRO_PAN,under_arm,32,Panama,PAN,5
2026-M046-PAN-CRO,2026-M046-PAN-CRO_CRO,goalkeeper_line_breaks,33,Croatia,CRO,13
2026-M046-PAN-CRO,2026-M046-PAN-CRO_CRO,total_distributions,33,Croatia,CRO,24
2026-M046-PAN-CRO,2026-M046-PAN-CRO_CRO,from_hands,33,Croatia,CRO,1
2026-M046-PAN-CRO,2026-M046-PAN-CRO_CRO,under_arm,33,Croatia,CRO,5
2026-M047-POR-GHA,2026-M047-POR-GHA_POR,goalkeeper_line_breaks,32,Portugal,POR,5
2026-M047-POR-GHA,2026-M047-POR-GHA_POR,total_distributions,32,Portugal,POR,14
2026-M047-POR-GHA,2026-M047-POR-GHA_POR,from_hands,32,Portugal,POR,1
2026-M047-POR-GHA,2026-M047-POR-GHA_POR,under_arm,32,Portugal,POR,3
2026-M047-POR-GHA,2026-M047-POR-GHA_GHA,goalkeeper_line_breaks,33,Uzbekistan,GHA,13
2026-M047-POR-GHA,2026-M047-POR-GHA_GHA,total_distributions,33,Uzbekistan,GHA,22
2026-M047-POR-GHA,2026-M047-POR-GHA_GHA,from_hands,33,Uzbekistan,GHA,2
2026-M047-POR-GHA,2026-M047-POR-GHA_GHA,under_arm,33,Uzbekistan,GHA,1
2026-M048-COL-COD,2026-M048-COL-COD_COL,goalkeeper_line_breaks,33,Colombia,COL,8
2026-M048-COL-COD,2026-M048-COL-COD_COL,total_distributions,33,Colombia,COL,31
2026-M048-COL-COD,2026-M048-COL-COD_COL,from_hands,33,Colombia,COL,0
2026-M048-COL-COD,2026-M048-COL-COD_COL,under_arm,33,Colombia,COL,3
2026-M048-COL-COD,2026-M048-COL-COD_COD,goalkeeper_line_breaks,34,Congo DR,COD,13
2026-M048-COL-COD,2026-M048-COL-COD_COD,total_distributions,34,Congo DR,COD,28
2026-M048-COL-COD,2026-M048-COL-COD_COD,from_hands,34,Congo DR,COD,0
2026-M048-COL-COD,2026-M048-COL-COD_COD,under_arm,34,Congo DR,COD,6
2026-M049-SCO-BRA,2026-M049-SCO-BRA_SCO,goalkeeper_line_breaks,33,Scotland,SCO,21
2026-M049-SCO-BRA,2026-M049-SCO-BRA_SCO,total_distributions,33,Scotland,SCO,35
2026-M049-SCO-BRA,2026-M049-SCO-BRA_SCO,from_hands,33,Scotland,SCO,0
2026-M049-SCO-BRA,2026-M049-SCO-BRA_SCO,under_arm,33,Scotland,SCO,7
2026-M049-SCO-BRA,2026-M049-SCO-BRA_BRA,goalkeeper_line_breaks,34,Brazil,BRA,5
2026-M049-SCO-BRA,2026-M049-SCO-BRA_BRA,total_distributions,34,Brazil,BRA,18
2026-M049-SCO-BRA,2026-M049-SCO-BRA_BRA,from_hands,34,Brazil,BRA,0
2026-M049-SCO-BRA,2026-M049-SCO-BRA_BRA,under_arm,34,Brazil,BRA,5
2026-M050-MAR-HAI,2026-M050-MAR-HAI_MAR,goalkeeper_line_breaks,33,Morocco,MAR,6
2026-M050-MAR-HAI,2026-M050-MAR-HAI_MAR,total_distributions,33,Morocco,MAR,19
2026-M050-MAR-HAI,2026-M050-MAR-HAI_MAR,from_hands,33,Morocco,MAR,1
2026-M050-MAR-HAI,2026-M050-MAR-HAI_MAR,under_arm,33,Morocco,MAR,2
2026-M050-MAR-HAI,2026-M050-MAR-HAI_HAI,goalkeeper_line_breaks,34,Haiti,HAI,20
2026-M050-MAR-HAI,2026-M050-MAR-HAI_HAI,total_distributions,34,Haiti,HAI,33
2026-M050-MAR-HAI,2026-M050-MAR-HAI_HAI,from_hands,34,Haiti,HAI,2
2026-M050-MAR-HAI,2026-M050-MAR-HAI_HAI,under_arm,34,Haiti,HAI,3
2026-M051-SUI-CAN,2026-M051-SUI-CAN_SUI,goalkeeper_line_breaks,32,Switzerland,SUI,9
2026-M051-SUI-CAN,2026-M051-SUI-CAN_SUI,total_distributions,32,Switzerland,SUI,46
2026-M051-SUI-CAN,2026-M051-SUI-CAN_SUI,from_hands,32,Switzerland,SUI,0
2026-M051-SUI-CAN,2026-M051-SUI-CAN_SUI,under_arm,32,Switzerland,SUI,6
2026-M051-SUI-CAN,2026-M051-SUI-CAN_CAN,goalkeeper_line_breaks,33,Canada,CAN,12
2026-M051-SUI-CAN,2026-M051-SUI-CAN_CAN,total_distributions,33,Canada,CAN,18
2026-M051-SUI-CAN,2026-M051-SUI-CAN_CAN,from_hands,33,Canada,CAN,3
2026-M051-SUI-CAN,2026-M051-SUI-CAN_CAN,under_arm,33,Canada,CAN,2
2026-M052-BIH-QAT,2026-M052-BIH-QAT_BIH,goalkeeper_line_breaks,32,Bosnia and Herzegovina,BIH,13
2026-M052-BIH-QAT,2026-M052-BIH-QAT_BIH,total_distributions,32,Bosnia and Herzegovina,BIH,38
2026-M052-BIH-QAT,2026-M052-BIH-QAT_BIH,from_hands,32,Bosnia and Herzegovina,BIH,3
2026-M052-BIH-QAT,2026-M052-BIH-QAT_BIH,under_arm,32,Bosnia and Herzegovina,BIH,4
2026-M052-BIH-QAT,2026-M052-BIH-QAT_QAT,goalkeeper_line_breaks,33,Qatar,QAT,16
2026-M052-BIH-QAT,2026-M052-BIH-QAT_QAT,total_distributions,33,Qatar,QAT,25
2026-M052-BIH-QAT,2026-M052-BIH-QAT_QAT,from_hands,33,Qatar,QAT,0
2026-M052-BIH-QAT,2026-M052-BIH-QAT_QAT,under_arm,33,Qatar,QAT,2
2026-M053-CZE-MEX,2026-M053-CZE-MEX_CZE,goalkeeper_line_breaks,32,Czechia,CZE,14
2026-M053-CZE-MEX,2026-M053-CZE-MEX_CZE,total_distributions,32,Czechia,CZE,32
2026-M053-CZE-MEX,2026-M053-CZE-MEX_CZE,from_hands,32,Czechia,CZE,0
2026-M053-CZE-MEX,2026-M053-CZE-MEX_CZE,under_arm,32,Czechia,CZE,6
2026-M053-CZE-MEX,2026-M053-CZE-MEX_MEX,goalkeeper_line_breaks,33,Mexico,MEX,17
2026-M053-CZE-MEX,2026-M053-CZE-MEX_MEX,total_distributions,33,Mexico,MEX,34
2026-M053-CZE-MEX,2026-M053-CZE-MEX_MEX,from_hands,33,Mexico,MEX,0
2026-M053-CZE-MEX,2026-M053-CZE-MEX_MEX,under_arm,33,Mexico,MEX,1
2026-M054-RSA-KOR,2026-M054-RSA-KOR_RSA,goalkeeper_line_breaks,32,South Africa,RSA,26
2026-M054-RSA-KOR,2026-M054-RSA-KOR_RSA,total_distributions,32,South Africa,RSA,35
2026-M054-RSA-KOR,2026-M054-RSA-KOR_RSA,from_hands,32,South Africa,RSA,2
2026-M054-RSA-KOR,2026-M054-RSA-KOR_RSA,under_arm,32,South Africa,RSA,2
2026-M054-RSA-KOR,2026-M054-RSA-KOR_KOR,goalkeeper_line_breaks,33,Korea Republic,KOR,7
2026-M054-RSA-KOR,2026-M054-RSA-KOR_KOR,total_distributions,33,Korea Republic,KOR,36
2026-M054-RSA-KOR,2026-M054-RSA-KOR_KOR,from_hands,33,Korea Republic,KOR,0
2026-M054-RSA-KOR,2026-M054-RSA-KOR_KOR,under_arm,33,Korea Republic,KOR,4
2026-M055-CUW-CIV,2026-M055-CUW-CIV_CUW,goalkeeper_line_breaks,32,Curaçao,CUW,9
2026-M055-CUW-CIV,2026-M055-CUW-CIV_CUW,total_distributions,32,Curaçao,CUW,17
2026-M055-CUW-CIV,2026-M055-CUW-CIV_CUW,from_hands,32,Curaçao,CUW,0
2026-M055-CUW-CIV,2026-M055-CUW-CIV_CUW,under_arm,32,Curaçao,CUW,1
2026-M055-CUW-CIV,2026-M055-CUW-CIV_CIV,goalkeeper_line_breaks,33,Côte d'Ivoire,CIV,15
2026-M055-CUW-CIV,2026-M055-CUW-CIV_CIV,total_distributions,33,Côte d'Ivoire,CIV,27
2026-M055-CUW-CIV,2026-M055-CUW-CIV_CIV,from_hands,33,Côte d'Ivoire,CIV,1
2026-M055-CUW-CIV,2026-M055-CUW-CIV_CIV,under_arm,33,Côte d'Ivoire,CIV,1
2026-M056-ECU-GER,2026-M056-ECU-GER_ECU,goalkeeper_line_breaks,32,Ecuador,ECU,15
2026-M056-ECU-GER,2026-M056-ECU-GER_ECU,total_distributions,32,Ecuador,ECU,20
2026-M056-ECU-GER,2026-M056-ECU-GER_ECU,from_hands,32,Ecuador,ECU,2
2026-M056-ECU-GER,2026-M056-ECU-GER_ECU,under_arm,32,Ecuador,ECU,1
2026-M056-ECU-GER,2026-M056-ECU-GER_GER,goalkeeper_line_breaks,33,Germany,GER,14
2026-M056-ECU-GER,2026-M056-ECU-GER_GER,total_distributions,33,Germany,GER,34
2026-M056-ECU-GER,2026-M056-ECU-GER_GER,from_hands,33,Germany,GER,0
2026-M056-ECU-GER,2026-M056-ECU-GER_GER,under_arm,33,Germany,GER,9
2026-M057-JPN-SWE,2026-M057-JPN-SWE_JPN,goalkeeper_line_breaks,32,Japan,JPN,15
2026-M057-JPN-SWE,2026-M057-JPN-SWE_JPN,total_distributions,32,Japan,JPN,23
2026-M057-JPN-SWE,2026-M057-JPN-SWE_JPN,from_hands,32,Japan,JPN,2
2026-M057-JPN-SWE,2026-M057-JPN-SWE_JPN,under_arm,32,Japan,JPN,1
2026-M057-JPN-SWE,2026-M057-JPN-SWE_SWE,goalkeeper_line_breaks,33,Sweden,SWE,25
2026-M057-JPN-SWE,2026-M057-JPN-SWE_SWE,total_distributions,33,Sweden,SWE,35
2026-M057-JPN-SWE,2026-M057-JPN-SWE_SWE,from_hands,33,Sweden,SWE,0
2026-M057-JPN-SWE,2026-M057-JPN-SWE_SWE,under_arm,33,Sweden,SWE,8
2026-M058-TUN-NED,2026-M058-TUN-NED_TUN,goalkeeper_line_breaks,33,Tunisia,TUN,17
2026-M058-TUN-NED,2026-M058-TUN-NED_TUN,total_distributions,33,Tunisia,TUN,20
2026-M058-TUN-NED,2026-M058-TUN-NED_TUN,from_hands,33,Tunisia,TUN,4
2026-M058-TUN-NED,2026-M058-TUN-NED_TUN,under_arm,33,Tunisia,TUN,1
2026-M058-TUN-NED,2026-M058-TUN-NED_NED,goalkeeper_line_breaks,34,Netherlands,NED,0
2026-M058-TUN-NED,2026-M058-TUN-NED_NED,total_distributions,34,Netherlands,NED,18
2026-M058-TUN-NED,2026-M058-TUN-NED_NED,from_hands,34,Netherlands,NED,0
2026-M058-TUN-NED,2026-M058-TUN-NED_NED,under_arm,34,Netherlands,NED,5
2026-M059-TUR-USA,2026-M059-TUR-USA_TUR,goalkeeper_line_breaks,33,Türkiye,TUR,17
2026-M059-TUR-USA,2026-M059-TUR-USA_TUR,total_distributions,33,Türkiye,TUR,41
2026-M059-TUR-USA,2026-M059-TUR-USA_TUR,from_hands,33,Türkiye,TUR,0
2026-M059-TUR-USA,2026-M059-TUR-USA_TUR,under_arm,33,Türkiye,TUR,2
2026-M059-TUR-USA,2026-M059-TUR-USA_USA,goalkeeper_line_breaks,34,USA,USA,11
2026-M059-TUR-USA,2026-M059-TUR-USA_USA,total_distributions,34,USA,USA,25
2026-M059-TUR-USA,2026-M059-TUR-USA_USA,from_hands,34,USA,USA,0
2026-M059-TUR-USA,2026-M059-TUR-USA_USA,under_arm,34,USA,USA,8
2026-M060-PAR-AUS,2026-M060-PAR-AUS_PAR,goalkeeper_line_breaks,32,Paraguay,PAR,9
2026-M060-PAR-AUS,2026-M060-PAR-AUS_PAR,total_distributions,32,Paraguay,PAR,16
2026-M060-PAR-AUS,2026-M060-PAR-AUS_PAR,from_hands,32,Paraguay,PAR,0
2026-M060-PAR-AUS,2026-M060-PAR-AUS_PAR,under_arm,32,Paraguay,PAR,2
2026-M060-PAR-AUS,2026-M060-PAR-AUS_AUS,goalkeeper_line_breaks,33,Australia,AUS,9
2026-M060-PAR-AUS,2026-M060-PAR-AUS_AUS,total_distributions,33,Australia,AUS,23
2026-M060-PAR-AUS,2026-M060-PAR-AUS_AUS,from_hands,33,Australia,AUS,0
2026-M060-PAR-AUS,2026-M060-PAR-AUS_AUS,under_arm,33,Australia,AUS,4
2026-M061-NOR-FRA,2026-M061-NOR-FRA_NOR,goalkeeper_line_breaks,33,Norway,NOR,17
2026-M061-NOR-FRA,2026-M061-NOR-FRA_NOR,total_distributions,33,Norway,NOR,25
2026-M061-NOR-FRA,2026-M061-NOR-FRA_NOR,from_hands,33,Norway,NOR,0
2026-M061-NOR-FRA,2026-M061-NOR-FRA_NOR,under_arm,33,Norway,NOR,5
2026-M061-NOR-FRA,2026-M061-NOR-FRA_FRA,goalkeeper_line_breaks,34,France,FRA,7
2026-M061-NOR-FRA,2026-M061-NOR-FRA_FRA,total_distributions,34,France,FRA,21
2026-M061-NOR-FRA,2026-M061-NOR-FRA_FRA,from_hands,34,France,FRA,0
2026-M061-NOR-FRA,2026-M061-NOR-FRA_FRA,under_arm,34,France,FRA,4
2026-M062-SEN-IRQ,2026-M062-SEN-IRQ_SEN,goalkeeper_line_breaks,33,Senegal,SEN,5
2026-M062-SEN-IRQ,2026-M062-SEN-IRQ_SEN,total_distributions,33,Senegal,SEN,20
2026-M062-SEN-IRQ,2026-M062-SEN-IRQ_SEN,from_hands,33,Senegal,SEN,2
2026-M062-SEN-IRQ,2026-M062-SEN-IRQ_SEN,under_arm,33,Senegal,SEN,3
2026-M062-SEN-IRQ,2026-M062-SEN-IRQ_IRQ,goalkeeper_line_breaks,34,Iraq,IRQ,24
2026-M062-SEN-IRQ,2026-M062-SEN-IRQ_IRQ,total_distributions,34,Iraq,IRQ,34
2026-M062-SEN-IRQ,2026-M062-SEN-IRQ_IRQ,from_hands,34,Iraq,IRQ,2
2026-M062-SEN-IRQ,2026-M062-SEN-IRQ_IRQ,under_arm,34,Iraq,IRQ,3
2026-M063-EGY-IRN,2026-M063-EGY-IRN_EGY,goalkeeper_line_breaks,32,Egypt,EGY,4
2026-M063-EGY-IRN,2026-M063-EGY-IRN_EGY,total_distributions,32,Egypt,EGY,26
2026-M063-EGY-IRN,2026-M063-EGY-IRN_EGY,from_hands,32,Egypt,EGY,0
2026-M063-EGY-IRN,2026-M063-EGY-IRN_EGY,under_arm,32,Egypt,EGY,1
2026-M063-EGY-IRN,2026-M063-EGY-IRN_IRN,goalkeeper_line_breaks,33,IR Iran,IRN,19
2026-M063-EGY-IRN,2026-M063-EGY-IRN_IRN,total_distributions,33,IR Iran,IRN,27
2026-M063-EGY-IRN,2026-M063-EGY-IRN_IRN,from_hands,33,IR Iran,IRN,3
2026-M063-EGY-IRN,2026-M063-EGY-IRN_IRN,under_arm,33,IR Iran,IRN,3
2026-M064-NZL-BEL,2026-M064-NZL-BEL_NZL,goalkeeper_line_breaks,34,New Zealand,NZL,11
2026-M064-NZL-BEL,2026-M064-NZL-BEL_NZL,total_distributions,34,New Zealand,NZL,26
2026-M064-NZL-BEL,2026-M064-NZL-BEL_NZL,from_hands,34,New Zealand,NZL,1
2026-M064-NZL-BEL,2026-M064-NZL-BEL_NZL,under_arm,34,New Zealand,NZL,5
2026-M064-NZL-BEL,2026-M064-NZL-BEL_BEL,goalkeeper_line_breaks,35,Belgium,BEL,15
2026-M064-NZL-BEL,2026-M064-NZL-BEL_BEL,total_distributions,35,Belgium,BEL,30
2026-M064-NZL-BEL,2026-M064-NZL-BEL_BEL,from_hands,35,Belgium,BEL,0
2026-M064-NZL-BEL,2026-M064-NZL-BEL_BEL,under_arm,35,Belgium,BEL,7
2026-M065-CPV-KSA,2026-M065-CPV-KSA_CPV,goalkeeper_line_breaks,32,Cabo Verde,CPV,23
2026-M065-CPV-KSA,2026-M065-CPV-KSA_CPV,total_distributions,32,Cabo Verde,CPV,33
2026-M065-CPV-KSA,2026-M065-CPV-KSA_CPV,from_hands,32,Cabo Verde,CPV,1
2026-M065-CPV-KSA,2026-M065-CPV-KSA_CPV,under_arm,32,Cabo Verde,CPV,7
2026-M065-CPV-KSA,2026-M065-CPV-KSA_KSA,goalkeeper_line_breaks,33,Saudi Arabia,KSA,6
2026-M065-CPV-KSA,2026-M065-CPV-KSA_KSA,total_distributions,33,Saudi Arabia,KSA,23
2026-M065-CPV-KSA,2026-M065-CPV-KSA_KSA,from_hands,33,Saudi Arabia,KSA,1
2026-M065-CPV-KSA,2026-M065-CPV-KSA_KSA,under_arm,33,Saudi Arabia,KSA,2
2026-M066-URU-ESP,2026-M066-URU-ESP_URU,goalkeeper_line_breaks,32,Uruguay,URU,22
2026-M066-URU-ESP,2026-M066-URU-ESP_URU,total_distributions,32,Uruguay,URU,27
2026-M066-URU-ESP,2026-M066-URU-ESP_URU,from_hands,32,Uruguay,URU,2
2026-M066-URU-ESP,2026-M066-URU-ESP_URU,under_arm,32,Uruguay,URU,2
2026-M066-URU-ESP,2026-M066-URU-ESP_ESP,goalkeeper_line_breaks,33,Spain,ESP,13
2026-M066-URU-ESP,2026-M066-URU-ESP_ESP,total_distributions,33,Spain,ESP,37
2026-M066-URU-ESP,2026-M066-URU-ESP_ESP,from_hands,33,Spain,ESP,1
2026-M066-URU-ESP,2026-M066-URU-ESP_ESP,under_arm,33,Spain,ESP,12
2026-M067-PAN-ENG,2026-M067-PAN-ENG_PAN,goalkeeper_line_breaks,32,Panama,PAN,24
2026-M067-PAN-ENG,2026-M067-PAN-ENG_PAN,total_distributions,32,Panama,PAN,33
2026-M067-PAN-ENG,2026-M067-PAN-ENG_PAN,from_hands,32,Panama,PAN,0
2026-M067-PAN-ENG,2026-M067-PAN-ENG_PAN,under_arm,32,Panama,PAN,9
2026-M067-PAN-ENG,2026-M067-PAN-ENG_ENG,goalkeeper_line_breaks,33,England,ENG,12
2026-M067-PAN-ENG,2026-M067-PAN-ENG_ENG,total_distributions,33,England,ENG,29
2026-M067-PAN-ENG,2026-M067-PAN-ENG_ENG,from_hands,33,England,ENG,0
2026-M067-PAN-ENG,2026-M067-PAN-ENG_ENG,under_arm,33,England,ENG,1
2026-M068-CRO-GHA,2026-M068-CRO-GHA_CRO,goalkeeper_line_breaks,32,Croatia,CRO,8
2026-M068-CRO-GHA,2026-M068-CRO-GHA_CRO,total_distributions,32,Croatia,CRO,23
2026-M068-CRO-GHA,2026-M068-CRO-GHA_CRO,from_hands,32,Croatia,CRO,0
2026-M068-CRO-GHA,2026-M068-CRO-GHA_CRO,under_arm,32,Croatia,CRO,4
2026-M068-CRO-GHA,2026-M068-CRO-GHA_GHA,goalkeeper_line_breaks,33,Ghana,GHA,3
2026-M068-CRO-GHA,2026-M068-CRO-GHA_GHA,total_distributions,33,Ghana,GHA,14
2026-M068-CRO-GHA,2026-M068-CRO-GHA_GHA,from_hands,33,Ghana,GHA,1
2026-M068-CRO-GHA,2026-M068-CRO-GHA_GHA,under_arm,33,Ghana,GHA,7
2026-M069-ALG-AUT,2026-M069-ALG-AUT_ALG,goalkeeper_line_breaks,32,Algeria,ALG,8
2026-M069-ALG-AUT,2026-M069-ALG-AUT_ALG,total_distributions,32,Algeria,ALG,23
2026-M069-ALG-AUT,2026-M069-ALG-AUT_ALG,from_hands,32,Algeria,ALG,0
2026-M069-ALG-AUT,2026-M069-ALG-AUT_ALG,under_arm,32,Algeria,ALG,2
2026-M069-ALG-AUT,2026-M069-ALG-AUT_AUT,goalkeeper_line_breaks,33,Austria,AUT,5
2026-M069-ALG-AUT,2026-M069-ALG-AUT_AUT,total_distributions,33,Austria,AUT,24
2026-M069-ALG-AUT,2026-M069-ALG-AUT_AUT,from_hands,33,Austria,AUT,0
2026-M069-ALG-AUT,2026-M069-ALG-AUT_AUT,under_arm,33,Austria,AUT,0
2026-M070-JOR-ARG,2026-M070-JOR-ARG_JOR,goalkeeper_line_breaks,32,Jordan,JOR,5
2026-M070-JOR-ARG,2026-M070-JOR-ARG_JOR,total_distributions,32,Jordan,JOR,13
2026-M070-JOR-ARG,2026-M070-JOR-ARG_JOR,from_hands,32,Jordan,JOR,1
2026-M070-JOR-ARG,2026-M070-JOR-ARG_JOR,under_arm,32,Jordan,JOR,3
2026-M070-JOR-ARG,2026-M070-JOR-ARG_ARG,goalkeeper_line_breaks,33,Argentina,ARG,3
2026-M070-JOR-ARG,2026-M070-JOR-ARG_ARG,total_distributions,33,Argentina,ARG,14
2026-M070-JOR-ARG,2026-M070-JOR-ARG_ARG,from_hands,33,Argentina,ARG,1
2026-M070-JOR-ARG,2026-M070-JOR-ARG_ARG,under_arm,33,Argentina,ARG,4
2026-M071-COL-POR,2026-M071-COL-POR_COL,goalkeeper_line_breaks,33,Colombia,COL,10
2026-M071-COL-POR,2026-M071-COL-POR_COL,total_distributions,33,Colombia,COL,37
2026-M071-COL-POR,2026-M071-COL-POR_COL,from_hands,33,Colombia,COL,1
2026-M071-COL-POR,2026-M071-COL-POR_COL,under_arm,33,Colombia,COL,1
2026-M071-COL-POR,2026-M071-COL-POR_POR,goalkeeper_line_breaks,34,Portugal,POR,6
2026-M071-COL-POR,2026-M071-COL-POR_POR,total_distributions,34,Portugal,POR,19
2026-M071-COL-POR,2026-M071-COL-POR_POR,from_hands,34,Portugal,POR,0
2026-M071-COL-POR,2026-M071-COL-POR_POR,under_arm,34,Portugal,POR,4
2026-M072-COD-UZB,2026-M072-COD-UZB_COD,goalkeeper_line_breaks,33,Congo DR,COD,8
2026-M072-COD-UZB,2026-M072-COD-UZB_COD,total_distributions,33,Congo DR,COD,33
2026-M072-COD-UZB,2026-M072-COD-UZB_COD,from_hands,33,Congo DR,COD,1
2026-M072-COD-UZB,2026-M072-COD-UZB_COD,under_arm,33,Congo DR,COD,1
2026-M072-COD-UZB,2026-M072-COD-UZB_UZB,goalkeeper_line_breaks,34,Uzbekistan,UZB,16
2026-M072-COD-UZB,2026-M072-COD-UZB_UZB,total_distributions,34,Uzbekistan,UZB,26
2026-M072-COD-UZB,2026-M072-COD-UZB_UZB,from_hands,34,Uzbekistan,UZB,2
2026-M072-COD-UZB,2026-M072-COD-UZB_UZB,under_arm,34,Uzbekistan,UZB,3
2026-M073-RSA-CAN,2026-M073-RSA-CAN_RSA,goalkeeper_line_breaks,32,South Africa,RSA,16
2026-M073-RSA-CAN,2026-M073-RSA-CAN_RSA,total_distributions,32,South Africa,RSA,83
2026-M073-RSA-CAN,2026-M073-RSA-CAN_RSA,from_hands,32,South Africa,RSA,2
2026-M073-RSA-CAN,2026-M073-RSA-CAN_RSA,under_arm,32,South Africa,RSA,1
2026-M073-RSA-CAN,2026-M073-RSA-CAN_CAN,goalkeeper_line_breaks,33,Canada,CAN,8
2026-M073-RSA-CAN,2026-M073-RSA-CAN_CAN,total_distributions,33,Canada,CAN,23
2026-M073-RSA-CAN,2026-M073-RSA-CAN_CAN,from_hands,33,Canada,CAN,0
2026-M073-RSA-CAN,2026-M073-RSA-CAN_CAN,under_arm,33,Canada,CAN,8
2026-M074-GER-PAR,2026-M074-GER-PAR_GER,goalkeeper_line_breaks,33,Germany,GER,7
2026-M074-GER-PAR,2026-M074-GER-PAR_GER,total_distributions,33,Germany,GER,27
2026-M074-GER-PAR,2026-M074-GER-PAR_GER,from_hands,33,Germany,GER,0
2026-M074-GER-PAR,2026-M074-GER-PAR_GER,under_arm,33,Germany,GER,10
2026-M074-GER-PAR,2026-M074-GER-PAR_PAR,goalkeeper_line_breaks,34,Paraguay,PAR,38
2026-M074-GER-PAR,2026-M074-GER-PAR_PAR,total_distributions,34,Paraguay,PAR,41
2026-M074-GER-PAR,2026-M074-GER-PAR_PAR,from_hands,34,Paraguay,PAR,4
2026-M074-GER-PAR,2026-M074-GER-PAR_PAR,under_arm,34,Paraguay,PAR,5
2026-M075-NED-MAR,2026-M075-NED-MAR_NED,goalkeeper_line_breaks,32,Netherlands,NED,19
2026-M075-NED-MAR,2026-M075-NED-MAR_NED,total_distributions,32,Netherlands,NED,30
2026-M075-NED-MAR,2026-M075-NED-MAR_NED,from_hands,32,Netherlands,NED,1
2026-M075-NED-MAR,2026-M075-NED-MAR_NED,under_arm,32,Netherlands,NED,2
2026-M075-NED-MAR,2026-M075-NED-MAR_MAR,goalkeeper_line_breaks,33,Morocco,MAR,7
2026-M075-NED-MAR,2026-M075-NED-MAR_MAR,total_distributions,33,Morocco,MAR,23
2026-M075-NED-MAR,2026-M075-NED-MAR_MAR,from_hands,33,Morocco,MAR,0
2026-M075-NED-MAR,2026-M075-NED-MAR_MAR,under_arm,33,Morocco,MAR,4
2026-M076-BRA-JPN,2026-M076-BRA-JPN_BRA,goalkeeper_line_breaks,33,Brazil,BRA,8
2026-M076-BRA-JPN,2026-M076-BRA-JPN_BRA,total_distributions,33,Brazil,BRA,20
2026-M076-BRA-JPN,2026-M076-BRA-JPN_BRA,from_hands,33,Brazil,BRA,0
2026-M076-BRA-JPN,2026-M076-BRA-JPN_BRA,under_arm,33,Brazil,BRA,5
2026-M076-BRA-JPN,2026-M076-BRA-JPN_JPN,goalkeeper_line_breaks,34,Japan,JPN,20
2026-M076-BRA-JPN,2026-M076-BRA-JPN_JPN,total_distributions,34,Japan,JPN,28
2026-M076-BRA-JPN,2026-M076-BRA-JPN_JPN,from_hands,34,Japan,JPN,1
2026-M076-BRA-JPN,2026-M076-BRA-JPN_JPN,under_arm,34,Japan,JPN,8
2026-M077-FRA-SWE,2026-M077-FRA-SWE_FRA,goalkeeper_line_breaks,33,France,FRA,12
2026-M077-FRA-SWE,2026-M077-FRA-SWE_FRA,total_distributions,33,France,FRA,24
2026-M077-FRA-SWE,2026-M077-FRA-SWE_FRA,from_hands,33,France,FRA,0
2026-M077-FRA-SWE,2026-M077-FRA-SWE_FRA,under_arm,33,France,FRA,7
2026-M077-FRA-SWE,2026-M077-FRA-SWE_SWE,goalkeeper_line_breaks,34,Sweden,SWE,18
2026-M077-FRA-SWE,2026-M077-FRA-SWE_SWE,total_distributions,34,Sweden,SWE,23
2026-M077-FRA-SWE,2026-M077-FRA-SWE_SWE,from_hands,34,Sweden,SWE,1
2026-M077-FRA-SWE,2026-M077-FRA-SWE_SWE,under_arm,34,Sweden,SWE,6
2026-M078-CIV-NOR,2026-M078-CIV-NOR_CIV,goalkeeper_line_breaks,32,Côte d'Ivoire,CIV,9
2026-M078-CIV-NOR,2026-M078-CIV-NOR_CIV,total_distributions,32,Côte d'Ivoire,CIV,13
2026-M078-CIV-NOR,2026-M078-CIV-NOR_CIV,from_hands,32,Côte d'Ivoire,CIV,0
2026-M078-CIV-NOR,2026-M078-CIV-NOR_CIV,under_arm,32,Côte d'Ivoire,CIV,4
2026-M078-CIV-NOR,2026-M078-CIV-NOR_NOR,goalkeeper_line_breaks,33,Norway,NOR,18
2026-M078-CIV-NOR,2026-M078-CIV-NOR_NOR,total_distributions,33,Norway,NOR,29
2026-M078-CIV-NOR,2026-M078-CIV-NOR_NOR,from_hands,33,Norway,NOR,0
2026-M078-CIV-NOR,2026-M078-CIV-NOR_NOR,under_arm,33,Norway,NOR,5
2026-M079-MEX-ECU,2026-M079-MEX-ECU_MEX,goalkeeper_line_breaks,32,Mexico,MEX,21
2026-M079-MEX-ECU,2026-M079-MEX-ECU_MEX,total_distributions,32,Mexico,MEX,34
2026-M079-MEX-ECU,2026-M079-MEX-ECU_MEX,from_hands,32,Mexico,MEX,1
2026-M079-MEX-ECU,2026-M079-MEX-ECU_MEX,under_arm,32,Mexico,MEX,3
2026-M079-MEX-ECU,2026-M079-MEX-ECU_ECU,goalkeeper_line_breaks,33,Ecuador,ECU,14
2026-M079-MEX-ECU,2026-M079-MEX-ECU_ECU,total_distributions,33,Ecuador,ECU,23
2026-M079-MEX-ECU,2026-M079-MEX-ECU_ECU,from_hands,33,Ecuador,ECU,1
2026-M079-MEX-ECU,2026-M079-MEX-ECU_ECU,under_arm,33,Ecuador,ECU,0
2026-M080-ENG-COD,2026-M080-ENG-COD_ENG,goalkeeper_line_breaks,32,England,ENG,9
2026-M080-ENG-COD,2026-M080-ENG-COD_ENG,total_distributions,32,England,ENG,26
2026-M080-ENG-COD,2026-M080-ENG-COD_ENG,from_hands,32,England,ENG,0
2026-M080-ENG-COD,2026-M080-ENG-COD_ENG,under_arm,32,England,ENG,5
2026-M080-ENG-COD,2026-M080-ENG-COD_COD,goalkeeper_line_breaks,33,Congo DR,COD,14
2026-M080-ENG-COD,2026-M080-ENG-COD_COD,total_distributions,33,Congo DR,COD,36
2026-M080-ENG-COD,2026-M080-ENG-COD_COD,from_hands,33,Congo DR,COD,0
2026-M080-ENG-COD,2026-M080-ENG-COD_COD,under_arm,33,Congo DR,COD,4
2026-M081-USA-BIH,2026-M081-USA-BIH_USA,goalkeeper_line_breaks,32,USA,USA,8
2026-M081-USA-BIH,2026-M081-USA-BIH_USA,total_distributions,32,USA,USA,12
2026-M081-USA-BIH,2026-M081-USA-BIH_USA,from_hands,32,USA,USA,2
2026-M081-USA-BIH,2026-M081-USA-BIH_USA,under_arm,32,USA,USA,5
2026-M081-USA-BIH,2026-M081-USA-BIH_BIH,goalkeeper_line_breaks,33,Bosnia and Herzegovina,BIH,10
2026-M081-USA-BIH,2026-M081-USA-BIH_BIH,total_distributions,33,Bosnia and Herzegovina,BIH,32
2026-M081-USA-BIH,2026-M081-USA-BIH_BIH,from_hands,33,Bosnia and Herzegovina,BIH,0
2026-M081-USA-BIH,2026-M081-USA-BIH_BIH,under_arm,33,Bosnia and Herzegovina,BIH,3
2026-M082-BEL-SEN,2026-M082-BEL-SEN_BEL,goalkeeper_line_breaks,34,Belgium,BEL,11
2026-M082-BEL-SEN,2026-M082-BEL-SEN_BEL,total_distributions,34,Belgium,BEL,34
2026-M082-BEL-SEN,2026-M082-BEL-SEN_BEL,from_hands,34,Belgium,BEL,1
2026-M082-BEL-SEN,2026-M082-BEL-SEN_BEL,under_arm,34,Belgium,BEL,7
2026-M082-BEL-SEN,2026-M082-BEL-SEN_SEN,goalkeeper_line_breaks,35,Senegal,SEN,35
2026-M082-BEL-SEN,2026-M082-BEL-SEN_SEN,total_distributions,35,Senegal,SEN,46
2026-M082-BEL-SEN,2026-M082-BEL-SEN_SEN,from_hands,35,Senegal,SEN,3
2026-M082-BEL-SEN,2026-M082-BEL-SEN_SEN,under_arm,35,Senegal,SEN,8
2026-M083-POR-CRO,2026-M083-POR-CRO_POR,goalkeeper_line_breaks,32,Portugal,POR,6
2026-M083-POR-CRO,2026-M083-POR-CRO_POR,total_distributions,32,Portugal,POR,13
2026-M083-POR-CRO,2026-M083-POR-CRO_POR,from_hands,32,Portugal,POR,1
2026-M083-POR-CRO,2026-M083-POR-CRO_POR,under_arm,32,Portugal,POR,2
2026-M083-POR-CRO,2026-M083-POR-CRO_CRO,goalkeeper_line_breaks,33,Croatia,CRO,4
2026-M083-POR-CRO,2026-M083-POR-CRO_CRO,total_distributions,33,Croatia,CRO,27
2026-M083-POR-CRO,2026-M083-POR-CRO_CRO,from_hands,33,Croatia,CRO,0
2026-M083-POR-CRO,2026-M083-POR-CRO_CRO,under_arm,33,Croatia,CRO,6
2026-M084-ESP-AUT,2026-M084-ESP-AUT_ESP,goalkeeper_line_breaks,33,Spain,ESP,9
2026-M084-ESP-AUT,2026-M084-ESP-AUT_ESP,total_distributions,33,Spain,ESP,33
2026-M084-ESP-AUT,2026-M084-ESP-AUT_ESP,from_hands,33,Spain,ESP,0
2026-M084-ESP-AUT,2026-M084-ESP-AUT_ESP,under_arm,33,Spain,ESP,4
2026-M084-ESP-AUT,2026-M084-ESP-AUT_AUT,goalkeeper_line_breaks,34,Austria,AUT,5
2026-M084-ESP-AUT,2026-M084-ESP-AUT_AUT,total_distributions,34,Austria,AUT,38
2026-M084-ESP-AUT,2026-M084-ESP-AUT_AUT,from_hands,34,Austria,AUT,1
2026-M084-ESP-AUT,2026-M084-ESP-AUT_AUT,under_arm,34,Austria,AUT,1
2026-M085-SUI-ALG,2026-M085-SUI-ALG_SUI,goalkeeper_line_breaks,32,Switzerland,SUI,19
2026-M085-SUI-ALG,2026-M085-SUI-ALG_SUI,total_distributions,32,Switzerland,SUI,38
2026-M085-SUI-ALG,2026-M085-SUI-ALG_SUI,from_hands,32,Switzerland,SUI,0
2026-M085-SUI-ALG,2026-M085-SUI-ALG_SUI,under_arm,32,Switzerland,SUI,7
2026-M085-SUI-ALG,2026-M085-SUI-ALG_ALG,goalkeeper_line_breaks,33,Algeria,ALG,11
2026-M085-SUI-ALG,2026-M085-SUI-ALG_ALG,total_distributions,33,Algeria,ALG,33
2026-M085-SUI-ALG,2026-M085-SUI-ALG_ALG,from_hands,33,Algeria,ALG,0
2026-M085-SUI-ALG,2026-M085-SUI-ALG_ALG,under_arm,33,Algeria,ALG,3
2026-M086-ARG-CPV,2026-M086-ARG-CPV_ARG,goalkeeper_line_breaks,33,Argentina,ARG,6
2026-M086-ARG-CPV,2026-M086-ARG-CPV_ARG,total_distributions,33,Argentina,ARG,27
2026-M086-ARG-CPV,2026-M086-ARG-CPV_ARG,from_hands,33,Argentina,ARG,1
2026-M086-ARG-CPV,2026-M086-ARG-CPV_ARG,under_arm,33,Argentina,ARG,5
2026-M086-ARG-CPV,2026-M086-ARG-CPV_CPV,goalkeeper_line_breaks,34,Cabo Verde,CPV,17
2026-M086-ARG-CPV,2026-M086-ARG-CPV_CPV,total_distributions,34,Cabo Verde,CPV,31
2026-M086-ARG-CPV,2026-M086-ARG-CPV_CPV,from_hands,34,Cabo Verde,CPV,2
2026-M086-ARG-CPV,2026-M086-ARG-CPV_CPV,under_arm,34,Cabo Verde,CPV,3
2026-M087-COL-GHA,2026-M087-COL-GHA_COL,goalkeeper_line_breaks,33,Colombia,COL,4
2026-M087-COL-GHA,2026-M087-COL-GHA_COL,total_distributions,33,Colombia,COL,32
2026-M087-COL-GHA,2026-M087-COL-GHA_COL,from_hands,33,Colombia,COL,1
2026-M087-COL-GHA,2026-M087-COL-GHA_COL,under_arm,33,Colombia,COL,5
2026-M087-COL-GHA,2026-M087-COL-GHA_GHA,goalkeeper_line_breaks,34,Ghana,GHA,12
2026-M087-COL-GHA,2026-M087-COL-GHA_GHA,total_distributions,34,Ghana,GHA,32
2026-M087-COL-GHA,2026-M087-COL-GHA_GHA,from_hands,34,Ghana,GHA,4
2026-M087-COL-GHA,2026-M087-COL-GHA_GHA,under_arm,34,Ghana,GHA,2
2026-M088-AUS-EGY,2026-M088-AUS-EGY_AUS,goalkeeper_line_breaks,32,Australia,AUS,14
2026-M088-AUS-EGY,2026-M088-AUS-EGY_AUS,total_distributions,32,Australia,AUS,26
2026-M088-AUS-EGY,2026-M088-AUS-EGY_AUS,from_hands,32,Australia,AUS,2
2026-M088-AUS-EGY,2026-M088-AUS-EGY_AUS,under_arm,32,Australia,AUS,7
2026-M088-AUS-EGY,2026-M088-AUS-EGY_EGY,goalkeeper_line_breaks,33,Egypt,EGY,9
2026-M088-AUS-EGY,2026-M088-AUS-EGY_EGY,total_distributions,33,Egypt,EGY,31
2026-M088-AUS-EGY,2026-M088-AUS-EGY_EGY,from_hands,33,Egypt,EGY,0
2026-M088-AUS-EGY,2026-M088-AUS-EGY_EGY,under_arm,33,Egypt,EGY,6
2026-M089-PAR-FRA,2026-M089-PAR-FRA_PAR,goalkeeper_line_breaks,32,Paraguay,PAR,24
2026-M089-PAR-FRA,2026-M089-PAR-FRA_PAR,total_distributions,32,Paraguay,PAR,19
2026-M089-PAR-FRA,2026-M089-PAR-FRA_PAR,from_hands,32,Paraguay,PAR,4
2026-M089-PAR-FRA,2026-M089-PAR-FRA_PAR,under_arm,32,Paraguay,PAR,2
2026-M089-PAR-FRA,2026-M089-PAR-FRA_FRA,goalkeeper_line_breaks,33,France,FRA,7
2026-M089-PAR-FRA,2026-M089-PAR-FRA_FRA,total_distributions,33,France,FRA,26
2026-M089-PAR-FRA,2026-M089-PAR-FRA_FRA,from_hands,33,France,FRA,2
2026-M089-PAR-FRA,2026-M089-PAR-FRA_FRA,under_arm,33,France,FRA,6
2026-M090-CAN-MAR,2026-M090-CAN-MAR_CAN,goalkeeper_line_breaks,32,Canada,CAN,10
2026-M090-CAN-MAR,2026-M090-CAN-MAR_CAN,total_distributions,32,Canada,CAN,23
2026-M090-CAN-MAR,2026-M090-CAN-MAR_CAN,from_hands,32,Canada,CAN,0
2026-M090-CAN-MAR,2026-M090-CAN-MAR_CAN,under_arm,32,Canada,CAN,2
2026-M090-CAN-MAR,2026-M090-CAN-MAR_MAR,goalkeeper_line_breaks,33,Morocco,MAR,14
2026-M090-CAN-MAR,2026-M090-CAN-MAR_MAR,total_distributions,33,Morocco,MAR,41
2026-M090-CAN-MAR,2026-M090-CAN-MAR_MAR,from_hands,33,Morocco,MAR,0
2026-M090-CAN-MAR,2026-M090-CAN-MAR_MAR,under_arm,33,Morocco,MAR,6
2026-M091-BRA-NOR,2026-M091-BRA-NOR_BRA,goalkeeper_line_breaks,32,Brazil,BRA,4
2026-M091-BRA-NOR,2026-M091-BRA-NOR_BRA,total_distributions,32,Brazil,BRA,15
2026-M091-BRA-NOR,2026-M091-BRA-NOR_BRA,from_hands,32,Brazil,BRA,1
2026-M091-BRA-NOR,2026-M091-BRA-NOR_BRA,under_arm,32,Brazil,BRA,5
2026-M091-BRA-NOR,2026-M091-BRA-NOR_NOR,goalkeeper_line_breaks,33,Norway,NOR,26
2026-M091-BRA-NOR,2026-M091-BRA-NOR_NOR,total_distributions,33,Norway,NOR,39
2026-M091-BRA-NOR,2026-M091-BRA-NOR_NOR,from_hands,33,Norway,NOR,2
2026-M091-BRA-NOR,2026-M091-BRA-NOR_NOR,under_arm,33,Norway,NOR,3
2026-M092-MEX-ENG,2026-M092-MEX-ENG_MEX,goalkeeper_line_breaks,33,Mexico,MEX,5
2026-M092-MEX-ENG,2026-M092-MEX-ENG_MEX,total_distributions,33,Mexico,MEX,17
2026-M092-MEX-ENG,2026-M092-MEX-ENG_MEX,from_hands,33,Mexico,MEX,0
2026-M092-MEX-ENG,2026-M092-MEX-ENG_MEX,under_arm,33,Mexico,MEX,6
2026-M092-MEX-ENG,2026-M092-MEX-ENG_ENG,goalkeeper_line_breaks,34,England,ENG,23
2026-M092-MEX-ENG,2026-M092-MEX-ENG_ENG,total_distributions,34,England,ENG,31
2026-M092-MEX-ENG,2026-M092-MEX-ENG_ENG,from_hands,34,England,ENG,3
2026-M092-MEX-ENG,2026-M092-MEX-ENG_ENG,under_arm,34,England,ENG,5
2026-M093-POR-ESP,2026-M093-POR-ESP_POR,goalkeeper_line_breaks,32,Portugal,POR,10
2026-M093-POR-ESP,2026-M093-POR-ESP_POR,total_distributions,32,Portugal,POR,27
2026-M093-POR-ESP,2026-M093-POR-ESP_POR,from_hands,32,Portugal,POR,1
2026-M093-POR-ESP,2026-M093-POR-ESP_POR,under_arm,32,Portugal,POR,6
2026-M093-POR-ESP,2026-M093-POR-ESP_ESP,goalkeeper_line_breaks,33,Spain,ESP,18
2026-M093-POR-ESP,2026-M093-POR-ESP_ESP,total_distributions,33,Spain,ESP,31
2026-M093-POR-ESP,2026-M093-POR-ESP_ESP,from_hands,33,Spain,ESP,0
2026-M093-POR-ESP,2026-M093-POR-ESP_ESP,under_arm,33,Spain,ESP,9
2026-M094-USA-BEL,2026-M094-USA-BEL_USA,goalkeeper_line_breaks,32,USA,USA,7
2026-M094-USA-BEL,2026-M094-USA-BEL_USA,total_distributions,32,USA,USA,18
2026-M094-USA-BEL,2026-M094-USA-BEL_USA,from_hands,32,USA,USA,0
2026-M094-USA-BEL,2026-M094-USA-BEL_USA,under_arm,32,USA,USA,7
2026-M094-USA-BEL,2026-M094-USA-BEL_BEL,goalkeeper_line_breaks,33,Belgium,BEL,19
2026-M094-USA-BEL,2026-M094-USA-BEL_BEL,total_distributions,33,Belgium,BEL,37
2026-M094-USA-BEL,2026-M094-USA-BEL_BEL,from_hands,33,Belgium,BEL,2
2026-M094-USA-BEL,2026-M094-USA-BEL_BEL,under_arm,33,Belgium,BEL,1
2026-M095-ARG-EGY,2026-M095-ARG-EGY_ARG,goalkeeper_line_breaks,33,Argentina,ARG,5
2026-M095-ARG-EGY,2026-M095-ARG-EGY_ARG,total_distributions,33,Argentina,ARG,17
2026-M095-ARG-EGY,2026-M095-ARG-EGY_ARG,from_hands,33,Argentina,ARG,2
2026-M095-ARG-EGY,2026-M095-ARG-EGY_ARG,under_arm,33,Argentina,ARG,1
2026-M095-ARG-EGY,2026-M095-ARG-EGY_EGY,goalkeeper_line_breaks,34,Egypt,EGY,11
2026-M095-ARG-EGY,2026-M095-ARG-EGY_EGY,total_distributions,34,Egypt,EGY,28
2026-M095-ARG-EGY,2026-M095-ARG-EGY_EGY,from_hands,34,Egypt,EGY,0
2026-M095-ARG-EGY,2026-M095-ARG-EGY_EGY,under_arm,34,Egypt,EGY,3
2026-M096-SUI-COL,2026-M096-SUI-COL_SUI,goalkeeper_line_breaks,32,Switzerland,SUI,15
2026-M096-SUI-COL,2026-M096-SUI-COL_SUI,total_distributions,32,Switzerland,SUI,51
2026-M096-SUI-COL,2026-M096-SUI-COL_SUI,from_hands,32,Switzerland,SUI,0
2026-M096-SUI-COL,2026-M096-SUI-COL_SUI,under_arm,32,Switzerland,SUI,3
2026-M096-SUI-COL,2026-M096-SUI-COL_COL,goalkeeper_line_breaks,33,Colombia,COL,20
2026-M096-SUI-COL,2026-M096-SUI-COL_COL,total_distributions,33,Colombia,COL,46
2026-M096-SUI-COL,2026-M096-SUI-COL_COL,from_hands,33,Colombia,COL,2
2026-M096-SUI-COL,2026-M096-SUI-COL_COL,under_arm,33,Colombia,COL,1
2026-M097-FRA-MAR,2026-M097-FRA-MAR_FRA,goalkeeper_line_breaks,33,France,FRA,2
2026-M097-FRA-MAR,2026-M097-FRA-MAR_FRA,total_distributions,33,France,FRA,18
2026-M097-FRA-MAR,2026-M097-FRA-MAR_FRA,from_hands,33,France,FRA,0
2026-M097-FRA-MAR,2026-M097-FRA-MAR_FRA,under_arm,33,France,FRA,3
2026-M097-FRA-MAR,2026-M097-FRA-MAR_MAR,goalkeeper_line_breaks,34,Morocco,MAR,9
2026-M097-FRA-MAR,2026-M097-FRA-MAR_MAR,total_distributions,34,Morocco,MAR,33
2026-M097-FRA-MAR,2026-M097-FRA-MAR_MAR,from_hands,34,Morocco,MAR,1
2026-M097-FRA-MAR,2026-M097-FRA-MAR_MAR,under_arm,34,Morocco,MAR,3
2026-M098-ESP-BEL,2026-M098-ESP-BEL_ESP,goalkeeper_line_breaks,32,Spain,ESP,9
2026-M098-ESP-BEL,2026-M098-ESP-BEL_ESP,total_distributions,32,Spain,ESP,33
2026-M098-ESP-BEL,2026-M098-ESP-BEL_ESP,from_hands,32,Spain,ESP,0
2026-M098-ESP-BEL,2026-M098-ESP-BEL_ESP,under_arm,32,Spain,ESP,7
2026-M098-ESP-BEL,2026-M098-ESP-BEL_BEL,goalkeeper_line_breaks,33,Belgium,BEL,23
2026-M098-ESP-BEL,2026-M098-ESP-BEL_BEL,total_distributions,33,Belgium,BEL,41
2026-M098-ESP-BEL,2026-M098-ESP-BEL_BEL,from_hands,33,Belgium,BEL,1
2026-M098-ESP-BEL,2026-M098-ESP-BEL_BEL,under_arm,33,Belgium,BEL,4
2026-M099-NOR-ENG,2026-M099-NOR-ENG_NOR,goalkeeper_line_breaks,32,Norway,NOR,23
2026-M099-NOR-ENG,2026-M099-NOR-ENG_NOR,total_distributions,32,Norway,NOR,40
2026-M099-NOR-ENG,2026-M099-NOR-ENG_NOR,from_hands,32,Norway,NOR,3
2026-M099-NOR-ENG,2026-M099-NOR-ENG_NOR,under_arm,32,Norway,NOR,2
2026-M099-NOR-ENG,2026-M099-NOR-ENG_ENG,goalkeeper_line_breaks,33,England,ENG,21
2026-M099-NOR-ENG,2026-M099-NOR-ENG_ENG,total_distributions,33,England,ENG,27
2026-M099-NOR-ENG,2026-M099-NOR-ENG_ENG,from_hands,33,England,ENG,1
2026-M099-NOR-ENG,2026-M099-NOR-ENG_ENG,under_arm,33,England,ENG,8
2026-M100-ARG-SUI,2026-M100-ARG-SUI_ARG,goalkeeper_line_breaks,33,Argentina,ARG,25
2026-M100-ARG-SUI,2026-M100-ARG-SUI_ARG,total_distributions,33,Argentina,ARG,39
2026-M100-ARG-SUI,2026-M100-ARG-SUI_ARG,from_hands,33,Argentina,ARG,4
2026-M100-ARG-SUI,2026-M100-ARG-SUI_ARG,under_arm,33,Argentina,ARG,2
2026-M100-ARG-SUI,2026-M100-ARG-SUI_SUI,goalkeeper_line_breaks,34,Switzerland,SUI,19
2026-M100-ARG-SUI,2026-M100-ARG-SUI_SUI,total_distributions,34,Switzerland,SUI,33
2026-M100-ARG-SUI,2026-M100-ARG-SUI_SUI,from_hands,34,Switzerland,SUI,4
2026-M100-ARG-SUI,2026-M100-ARG-SUI_SUI,under_arm,34,Switzerland,SUI,3
2026-M101-FRA-ESP,2026-M101-FRA-ESP_FRA,goalkeeper_line_breaks,32,France,FRA,12
2026-M101-FRA-ESP,2026-M101-FRA-ESP_FRA,total_distributions,32,France,FRA,38
2026-M101-FRA-ESP,2026-M101-FRA-ESP_FRA,from_hands,32,France,FRA,0
2026-M101-FRA-ESP,2026-M101-FRA-ESP_FRA,under_arm,32,France,FRA,3
2026-M101-FRA-ESP,2026-M101-FRA-ESP_ESP,goalkeeper_line_breaks,33,Spain,ESP,26
2026-M101-FRA-ESP,2026-M101-FRA-ESP_ESP,total_distributions,33,Spain,ESP,35
2026-M101-FRA-ESP,2026-M101-FRA-ESP_ESP,from_hands,33,Spain,ESP,3
2026-M101-FRA-ESP,2026-M101-FRA-ESP_ESP,under_arm,33,Spain,ESP,5
2026-M102-ENG-ARG,2026-M102-ENG-ARG_ENG,goalkeeper_line_breaks,32,England,ENG,23
2026-M102-ENG-ARG,2026-M102-ENG-ARG_ENG,total_distributions,32,England,ENG,41
2026-M102-ENG-ARG,2026-M102-ENG-ARG_ENG,from_hands,32,England,ENG,1
2026-M102-ENG-ARG,2026-M102-ENG-ARG_ENG,under_arm,32,England,ENG,0
2026-M102-ENG-ARG,2026-M102-ENG-ARG_ARG,goalkeeper_line_breaks,33,Argentina,ARG,7
2026-M102-ENG-ARG,2026-M102-ENG-ARG_ARG,total_distributions,33,Argentina,ARG,23
2026-M102-ENG-ARG,2026-M102-ENG-ARG_ARG,from_hands,33,Argentina,ARG,1
2026-M102-ENG-ARG,2026-M102-ENG-ARG_ARG,under_arm,33,Argentina,ARG,3
2026-M103-FRA-ENG,2026-M103-FRA-ENG_FRA,goalkeeper_line_breaks,34,France,FRA,2
2026-M103-FRA-ENG,2026-M103-FRA-ENG_FRA,total_distributions,34,France,FRA,12
2026-M103-FRA-ENG,2026-M103-FRA-ENG_FRA,from_hands,34,France,FRA,0
2026-M103-FRA-ENG,2026-M103-FRA-ENG_FRA,under_arm,34,France,FRA,3
2026-M103-FRA-ENG,2026-M103-FRA-ENG_ENG,goalkeeper_line_breaks,35,England,ENG,18
2026-M103-FRA-ENG,2026-M103-FRA-ENG_ENG,total_distributions,35,England,ENG,37
2026-M103-FRA-ENG,2026-M103-FRA-ENG_ENG,from_hands,35,England,ENG,0
2026-M103-FRA-ENG,2026-M103-FRA-ENG_ENG,under_arm,35,England,ENG,4
2026-M104-ESP-ARG,2026-M104-ESP-ARG_ESP,goalkeeper_line_breaks,33,Spain,ESP,14
2026-M104-ESP-ARG,2026-M104-ESP-ARG_ESP,total_distributions,33,Spain,ESP,37
2026-M104-ESP-ARG,2026-M104-ESP-ARG_ESP,from_hands,33,Spain,ESP,1
2026-M104-ESP-ARG,2026-M104-ESP-ARG_ESP,under_arm,33,Spain,ESP,7
2026-M104-ESP-ARG,2026-M104-ESP-ARG_ARG,goalkeeper_line_breaks,34,Argentina,ARG,28
2026-M104-ESP-ARG,2026-M104-ESP-ARG_ARG,total_distributions,34,Argentina,ARG,48
2026-M104-ESP-ARG,2026-M104-ESP-ARG_ARG,from_hands,34,Argentina,ARG,5
2026-M104-ESP-ARG,2026-M104-ESP-ARG_ARG,under_arm,34,Argentina,ARG,4
