appearances_count,display_name,player_id,shirt_numbers,team_id
4,Achref ABADA,ALG_achref_abada,3,ALG
4,Adil BOULBINA,ALG_adil_boulbina,20,ALG
4,Aissa MANDI,ALG_aissa_mandi,2,ALG
4,Amine GOUIRI,ALG_amine_gouiri,9,ALG
4,Anis HADJ MOUSSA,ALG_anis_hadj_moussa,11,ALG
4,Fares CHAIBI,ALG_fares_chaibi,10,ALG
4,Fares GHEDJEMIS,ALG_fares_ghedjemis,25,ALG
4,Hicham BOUDAOUI,ALG_hicham_boudaoui,14,ALG
4,Houssem AOUAR,ALG_houssem_aouar,8,ALG
4,Ibrahim MAZA,ALG_ibrahim_maza,22,ALG
4,Jaouen HADJAM,ALG_jaouen_hadjam,13,ALG
4,Luca ZIDANE,ALG_luca_zidane,23,ALG
4,Melvin MASTIL,ALG_melvin_mastil,1,ALG
4,Mohamed Amine TOUGAI,ALG_mohamed_amine_tougai,4,ALG
4,Mohamed AMOURA,ALG_mohamed_amoura,18,ALG
4,Nabil BENTALEB,ALG_nabil_bentaleb,19,ALG
4,Nadhir BENBOUALI,ALG_nadhir_benbouali,12,ALG
4,Oussama BENBOT,ALG_oussama_benbot,16,ALG
4,Raﬁk BELGHALI,ALG_rafik_belghali,17,ALG
4,Ramiz ZERROUKI,ALG_ramiz_zerrouki,6,ALG
4,Ramy BENSEBAINI,ALG_ramy_bensebaini,21,ALG
4,Rayan AIT-NOURI,ALG_rayan_ait_nouri,15,ALG
4,Riyad MAHREZ,ALG_riyad_mahrez,7,ALG
4,Samir CHERGUI,ALG_samir_chergui,26,ALG
4,Yassine TITRAOUI,ALG_yassine_titraoui,24,ALG
4,Zineddine BELAID,ALG_zineddine_belaid,5,ALG
8,Alexis MAC ALLISTER,ARG_alexis_mac_allister,20,ARG
8,Cristian ROMERO,ARG_cristian_romero,13,ARG
8,Emiliano MARTINEZ,ARG_emiliano_martinez,23,ARG
8,Enzo FERNANDEZ,ARG_enzo_fernandez,24,ARG
8,Exequiel PALACIOS,ARG_exequiel_palacios,14,ARG
8,Facundo MEDINA,ARG_facundo_medina,25,ARG
8,Geronimo RULLI,ARG_geronimo_rulli,12,ARG
8,Giovani LO CELSO,ARG_giovani_lo_celso,11,ARG
8,Giuliano SIMEONE,ARG_giuliano_simeone,17,ARG
8,Gonzalo MONTIEL,ARG_gonzalo_montiel,4,ARG
8,Jose Manuel LOPEZ,ARG_jose_manuel_lopez,21,ARG
8,Juan MUSSO,ARG_juan_musso,1,ARG
8,Julian ALVAREZ,ARG_julian_alvarez,9,ARG
8,Lautaro MARTINEZ,ARG_lautaro_martinez,22,ARG
8,Leandro PAREDES,ARG_leandro_paredes,5,ARG
8,Lionel MESSI,ARG_lionel_messi,10,ARG
8,Lisandro MARTINEZ,ARG_lisandro_martinez,6,ARG
8,Marcos SENESI,ARG_marcos_senesi,2,ARG
8,Nahuel MOLINA,ARG_nahuel_molina,26,ARG
8,Nico GONZALEZ,ARG_nico_gonzalez,15,ARG
8,Nico PAZ,ARG_nico_paz,18,ARG
8,Nicolas OTAMENDI,ARG_nicolas_otamendi,19,ARG
8,Nicolas TAGLIAFICO,ARG_nicolas_tagliafico,3,ARG
8,Rodrigo DE PAUL,ARG_rodrigo_de_paul,7,ARG
8,Thiago ALMADA,ARG_thiago_almada,16,ARG
8,Valentin BARCO,ARG_valentin_barco,8,ARG
4,Aiden ONEILL,AUS_aiden_oneill,13,AUS
4,Ajdin HRUSTIC,AUS_ajdin_hrustic,10,AUS
4,Alessandro CIRCATI,AUS_alessandro_circati,3,AUS
4,Awer MABIL,AUS_awer_mabil,11,AUS
4,Aziz BEHICH,AUS_aziz_behich,16,AUS
4,Cameron BURGESS,AUS_cameron_burgess,21,AUS
4,Cameron DEVLIN,AUS_cameron_devlin,14,AUS
4,Connor METCALFE,AUS_connor_metcalfe,8,AUS
4,Cristian VOLPATO,AUS_cristian_volpato,20,AUS
4,Harry SOUTTAR,AUS_harry_souttar,19,AUS
4,Jackson IRVINE,AUS_jackson_irvine,22,AUS
4,Jacob ITALIANO,AUS_jacob_italiano,4,AUS
4,Jason GERIA,AUS_jason_geria,6,AUS
4,Jordan BOS,AUS_jordan_bos,5,AUS
4,Kai TREWIN,AUS_kai_trewin,15,AUS
4,Lucas HERRINGTON,AUS_lucas_herrington,25,AUS
4,Mathew LECKIE,AUS_mathew_leckie,7,AUS
4,Mathew RYAN,AUS_mathew_ryan,1,AUS
4,Milos DEGENEK,AUS_milos_degenek,2,AUS
4,Mohamed TOURE,AUS_mohamed_toure,9,AUS
4,Nestory IRANKUNDA,AUS_nestory_irankunda,17,AUS
4,Nishan VELUPILLAY,AUS_nishan_velupillay,23,AUS
4,Patrick BEACH,AUS_patrick_beach,18,AUS
4,Paul IZZO,AUS_paul_izzo,12,AUS
4,Paul OKON-ENGSTLER,AUS_paul_okon_engstler,24,AUS
4,Tete YENGI,AUS_tete_yengi,26,AUS
4,Alessandro SCHOEPF,AUT_alessandro_schoepf,26,AUT
4,Alexander PRASS,AUT_alexander_prass,22,AUT
4,Alexander SCHLAGER,AUT_alexander_schlager,1,AUT
4,Carney CHUKWUEMEKA,AUT_carney_chukwuemeka,17,AUT
4,David AFFENGRUBER,AUT_david_affengruber,2,AUT
4,David ALABA,AUT_david_alaba,8,AUT
4,Dejan LJUBICIC,AUT_dejan_ljubicic,19,AUT
4,Florian GRILLITSCH,AUT_florian_grillitsch,10,AUT
4,Florian WIEGELE,AUT_florian_wiegele,12,AUT
4,Kevin DANSO,AUT_kevin_danso,3,AUT
4,Konrad LAIMER,AUT_konrad_laimer,20,AUT
4,Marcel SABITZER,AUT_marcel_sabitzer,9,AUT
4,Marco FRIEDL,AUT_marco_friedl,23,AUT
4,Marko ARNAUTOVIC,AUT_marko_arnautovic,7,AUT
4,Michael GREGORITSCH,AUT_michael_gregoritsch,11,AUT
4,Michael SVOBODA,AUT_michael_svoboda,25,AUT
4,Nicolas SEIWALD,AUT_nicolas_seiwald,6,AUT
4,Patrick PENTZ,AUT_patrick_pentz,13,AUT
4,Patrick WIMMER,AUT_patrick_wimmer,21,AUT
4,Paul WANNER,AUT_paul_wanner,24,AUT
4,Philipp LIENHART,AUT_philipp_lienhart,15,AUT
4,Phillip MWENE,AUT_phillip_mwene,16,AUT
4,Romano SCHMID,AUT_romano_schmid,18,AUT
4,Sasa KALAJDZIC,AUT_sasa_kalajdzic,14,AUT
4,Stefan POSCH,AUT_stefan_posch,5,AUT
4,Xaver SCHLAGER,AUT_xaver_schlager,4,AUT
6,Alexis SAELEMAEKERS,BEL_alexis_saelemaekers,22,BEL
6,Amadou ONANA,BEL_amadou_onana,24,BEL
6,Arthur THEATE,BEL_arthur_theate,3,BEL
6,Axel WITSEL,BEL_axel_witsel,6,BEL
6,Brandon MECHELE,BEL_brandon_mechele,4,BEL
6,Charles DE KETELAERE,BEL_charles_de_ketelaere,17,BEL
6,Diego MOREIRA,BEL_diego_moreira,19,BEL
6,Dodi LUKEBAKIO,BEL_dodi_lukebakio,14,BEL
6,Hans VANAKEN,BEL_hans_vanaken,20,BEL
6,Jeremy DOKU,BEL_jeremy_doku,11,BEL
6,Joaquin SEYS,BEL_joaquin_seys,18,BEL
6,Kevin DE BRUYNE,BEL_kevin_de_bruyne,7,BEL
6,Koni DE WINTER,BEL_koni_de_winter,16,BEL
6,Leandro TROSSARD,BEL_leandro_trossard,10,BEL
6,Matias FERNANDEZ-PARDO,BEL_matias_fernandez_pardo,26,BEL
6,Maxim DE CUYPER,BEL_maxim_de_cuyper,5,BEL
6,Mike PENDERS,BEL_mike_penders,13,BEL
5,Nathan NGOY,BEL_nathan_ngoy,25,BEL
6,Nicolas RASKIN,BEL_nicolas_raskin,23,BEL
6,Romelu LUKAKU,BEL_romelu_lukaku,9,BEL
6,Senne LAMMENS,BEL_senne_lammens,12,BEL
6,Thibaut COURTOIS,BEL_thibaut_courtois,1,BEL
6,Thomas MEUNIER,BEL_thomas_meunier,15,BEL
6,Timothy CASTAGNE,BEL_timothy_castagne,21,BEL
6,Youri TIELEMANS,BEL_youri_tielemans,8,BEL
6,Zeno DEBAST,BEL_zeno_debast,2,BEL
4,Amar DEDIC,BIH_amar_dedic,7,BIH
4,Amar MEMIC,BIH_amar_memic,15,BIH
4,Amir HADZIAHMETOVIC,BIH_amir_hadziahmetovic,16,BIH
4,Arjan MALIC,BIH_arjan_malic,24,BIH
4,Armin GIGOVIC,BIH_armin_gigovic,8,BIH
4,Benjamin TAHIROVIC,BIH_benjamin_tahirovic,6,BIH
4,Dennis HADZIKADUNIC,BIH_dennis_hadzikadunic,3,BIH
4,Dzenis BURNIC,BIH_dzenis_burnic,17,BIH
4,Edin DZEKO,BIH_edin_dzeko,11,BIH
4,Ermedin DEMIROVIC,BIH_ermedin_demirovic,10,BIH
4,Ermin MAHMIC,BIH_ermin_mahmic,26,BIH
4,Esmir BAJRAKTAREVIC,BIH_esmir_bajraktarevic,20,BIH
4,Haris TABAKOVIC,BIH_haris_tabakovic,23,BIH
4,Ivan BASIC,BIH_ivan_basic,13,BIH
4,Ivan SUNJIC,BIH_ivan_sunjic,14,BIH
4,Jovo LUKIC,BIH_jovo_lukic,25,BIH
4,Kerim ALAJBEGOVIC,BIH_kerim_alajbegovic,19,BIH
4,Martin ZLOMISLIC,BIH_martin_zlomislic,22,BIH
4,Mladen JURKAS,BIH_mladen_jurkas,12,BIH
4,Nihad MUJAKIC,BIH_nihad_mujakic,2,BIH
4,Nikola KATIC,BIH_nikola_katic,18,BIH
4,Nikola VASILJ,BIH_nikola_vasilj,1,BIH
4,Samed BAZDAR,BIH_samed_bazdar,9,BIH
4,Sead KOLASINAC,BIH_sead_kolasinac,5,BIH
4,Stjepan RADELJIC,BIH_stjepan_radeljic,21,BIH
3,Tarik MUHAREMOVIC,BIH_tarik_muharemovic,4,BIH
5,ALEX SANDRO,BRA_alex_sandro,6,BRA
5,ALISSON,BRA_alisson,1,BRA
5,BREMER,BRA_bremer,14,BRA
5,BRUNO GUIMARAES,BRA_bruno_guimaraes,8,BRA
5,CASEMIRO,BRA_casemiro,5,BRA
5,DANILO,BRA_danilo,13,BRA
5,DANILO SANTOS,BRA_danilo_santos,18,BRA
5,DOUGLAS SANTOS,BRA_douglas_santos,16,BRA
5,EDERSON,BRA_ederson,23,BRA
5,EDERSON SILVA,BRA_ederson_silva,2,BRA
5,ENDRICK,BRA_endrick,19,BRA
5,FABINHO,BRA_fabinho,17,BRA
5,GABRIEL MAGALHAES,BRA_gabriel_magalhaes,3,BRA
5,GABRIEL MARTINELLI,BRA_gabriel_martinelli,22,BRA
5,IGOR THIAGO,BRA_igor_thiago,25,BRA
5,LEO PEREIRA,BRA_leo_pereira,15,BRA
5,LUCAS PAQUETA,BRA_lucas_paqueta,20,BRA
5,LUIZ HENRIQUE,BRA_luiz_henrique,21,BRA
5,MARQUINHOS,BRA_marquinhos,4,BRA
5,MATHEUS CUNHA,BRA_matheus_cunha,9,BRA
5,NEYMAR JR,BRA_neymar_jr,10,BRA
5,RAPHINHA,BRA_raphinha,11,BRA
5,RAYAN,BRA_rayan,26,BRA
5,ROGER IBANEZ,BRA_roger_ibanez,24,BRA
5,VINICIUS JUNIOR,BRA_vinicius_junior,7,BRA
5,WEVERTON,BRA_weverton,12,BRA
5,Alﬁe JONES,CAN_alfie_jones,3,CAN
5,Ali AHMED,CAN_ali_ahmed,20,CAN
5,Alistair JOHNSTON,CAN_alistair_johnston,2,CAN
5,Alphonso DAVIES,CAN_alphonso_davies,19,CAN
5,Cyle LARIN,CAN_cyle_larin,9,CAN
5,Dayne ST. CLAIR,CAN_dayne_st_clair,1,CAN
5,Derek CORNELIUS,CAN_derek_cornelius,13,CAN
5,Ismael KONE,CAN_ismael_kone,8,CAN
5,Jacob SHAFFELBURG,CAN_jacob_shaffelburg,14,CAN
5,Jayden NELSON,CAN_jayden_nelson,26,CAN
5,Joel WATERMAN,CAN_joel_waterman,5,CAN
5,Jonathan DAVID,CAN_jonathan_david,10,CAN
5,Jonathan OSORIO,CAN_jonathan_osorio,21,CAN
5,Liam MILLAR,CAN_liam_millar,11,CAN
5,Luc DE FOUGEROLLES,CAN_luc_de_fougerolles,4,CAN
5,Mathieu CHOINIERE,CAN_mathieu_choiniere,6,CAN
5,Maxime CREPEAU,CAN_maxime_crepeau,16,CAN
5,Moise BOMBITO,CAN_moise_bombito,15,CAN
5,Nathan SALIBA,CAN_nathan_saliba,25,CAN
5,Niko SIGUR,CAN_niko_sigur,23,CAN
5,Owen GOODMAN,CAN_owen_goodman,18,CAN
5,Promise DAVID,CAN_promise_david,24,CAN
5,Richie LARYEA,CAN_richie_laryea,22,CAN
5,Stephen EUSTAQUIO,CAN_stephen_eustaquio,7,CAN
5,Tajon BUCHANAN,CAN_tajon_buchanan,17,CAN
5,Tani OLUWASEYI,CAN_tani_oluwaseyi,12,CAN
4,Alban LAFONT,CIV_alban_lafont,23,CIV
4,Amad DIALLO,CIV_amad_diallo,15,CIV
4,Ange-Yoan BONNY,CIV_ange_yoan_bonny,9,CIV
4,Bazoumana TOURE,CIV_bazoumana_toure,24,CIV
4,Christ Inao OULAI,CIV_christ_inao_oulai,26,CIV
4,Christopher OPERI,CIV_christopher_operi,13,CIV
4,Elye WAHI,CIV_elye_wahi,12,CIV
4,Emmanuel AGBADOU,CIV_emmanuel_agbadou,20,CIV
4,Evan NDICKA,CIV_evan_ndicka,21,CIV
4,Evann GUESSAND,CIV_evann_guessand,22,CIV
4,Franck KESSIE,CIV_franck_kessie,8,CIV
4,Ghislain KONAN,CIV_ghislain_konan,3,CIV
4,Guela DOUE,CIV_guela_doue,17,CIV
4,Ibrahim SANGARE,CIV_ibrahim_sangare,18,CIV
4,Jean Michael SERI,CIV_jean_michael_seri,4,CIV
4,Mohamed KONE,CIV_mohamed_kone,16,CIV
4,Nicolas PEPE,CIV_nicolas_pepe,19,CIV
4,Odilon KOSSOUNOU,CIV_odilon_kossounou,7,CIV
4,Oumar DIAKITE,CIV_oumar_diakite,14,CIV
4,Ousmane DIOMANDE,CIV_ousmane_diomande,2,CIV
4,Parfait GUIAGON,CIV_parfait_guiagon,25,CIV
4,Seko FOFANA,CIV_seko_fofana,6,CIV
4,Simon ADINGRA,CIV_simon_adingra,10,CIV
4,Wilfried SINGO,CIV_wilfried_singo,5,CIV
4,Yahia FOFANA,CIV_yahia_fofana,1,CIV
4,Yan DIOMANDE,CIV_yan_diomande,11,CIV
4,Aaron TSHIBOLA,COD_aaron_tshibola,15,COD
4,Aaron WAN-BISSAKA,COD_aaron_wan_bissaka,2,COD
4,Arthur MASUAKU,COD_arthur_masuaku,26,COD
4,Axel TUANZEBE,COD_axel_tuanzebe,4,COD
4,Brian CIPENGA,COD_brian_cipenga,9,COD
4,Cedric BAKAMBU,COD_cedric_bakambu,17,COD
4,Chancel MBEMBA,COD_chancel_mbemba,22,COD
4,Charles PICKEL,COD_charles_pickel,18,COD
4,Dylan BATUBINSIKA,COD_dylan_batubinsika,5,COD
4,Edo KAYEMBE,COD_edo_kayembe,25,COD
4,Fiston MAYELE,COD_fiston_mayele,19,COD
4,Gael KAKUTA,COD_gael_kakuta,11,COD
4,Gedeon KALULU,COD_gedeon_kalulu,24,COD
4,Joris KAYEMBE,COD_joris_kayembe,12,COD
4,Lionel MPASI,COD_lionel_mpasi,1,COD
4,Matthieu EPOLO,COD_matthieu_epolo,21,COD
4,Meschack ELIA,COD_meschack_elia,13,COD
4,Nathanael MBUKU,COD_nathanael_mbuku,7,COD
4,Ngalayel MUKAU,COD_ngalayel_mukau,6,COD
4,Noah SADIKI,COD_noah_sadiki,14,COD
4,Samuel MOUTOUSSAMY,COD_samuel_moutoussamy,8,COD
4,Simon BANZA,COD_simon_banza,23,COD
4,Steve KAPUADI,COD_steve_kapuadi,3,COD
4,Theo BONGONDA,COD_theo_bongonda,10,COD
4,Timothy FAYULU,COD_timothy_fayulu,16,COD
4,Yoane WISSA,COD_yoane_wissa,20,COD
5,Alvaro MONTERO,COL_alvaro_montero,24,COL
5,Andres GOMEZ,COL_andres_gomez,26,COL
5,Camilo VARGAS,COL_camilo_vargas,12,COL
5,Cucho HERNANDEZ,COL_cucho_hernandez,19,COL
5,Daniel MUNOZ,COL_daniel_munoz,2,COL
5,David OSPINA,COL_david_ospina,1,COL
5,Davinson SANCHEZ,COL_davinson_sanchez,23,COL
5,Deiver MACHADO,COL_deiver_machado,22,COL
5,Gustavo PUERTA,COL_gustavo_puerta,14,COL
5,James RODRIGUEZ,COL_james_rodriguez,10,COL
5,Jaminton CAMPAZ,COL_jaminton_campaz,21,COL
5,Jefferson LERMA,COL_jefferson_lerma,16,COL
5,Jhon ARIAS,COL_jhon_arias,11,COL
5,Jhon CORDOBA,COL_jhon_cordoba,9,COL
5,Jhon LUCUMI,COL_jhon_lucumi,3,COL
5,Johan MOJICA,COL_johan_mojica,17,COL
5,Jorge CARRASCAL,COL_jorge_carrascal,8,COL
5,Juan PORTILLA,COL_juan_portilla,15,COL
5,Juan QUINTERO,COL_juan_quintero,20,COL
5,Kevin CASTANO,COL_kevin_castano,5,COL
5,Luis DIAZ,COL_luis_diaz,7,COL
5,Luis SUAREZ,COL_luis_suarez,25,COL
5,Richard RIOS,COL_richard_rios,6,COL
5,Santiago ARIAS,COL_santiago_arias,4,COL
5,Willer DITTA,COL_willer_ditta,18,COL
5,Yerry MINA,COL_yerry_mina,13,COL
4,CJ DOS SANTOS,CPV_cj_dos_santos,23,CPV
4,DAILON LIVRAMENTO,CPV_dailon_livramento,19,CPV
4,DEROY DUARTE,CPV_deroy_duarte,14,CPV
4,DINEY BORGES,CPV_diney_borges,3,CPV
4,GARRY RODRIGUES,CPV_garry_rodrigues,11,CPV
4,GILSON BENCHIMOL,CPV_gilson_benchimol,9,CPV
4,HELIO VARELA,CPV_helio_varela,26,CPV
4,JAMIRO MONTEIRO,CPV_jamiro_monteiro,10,CPV
4,JOAO PAULO,CPV_joao_paulo,8,CPV
4,JOVANE CABRAL,CPV_jovane_cabral,7,CPV
4,KELVIN PIRES,CPV_kelvin_pires,25,CPV
4,KEVIN PINA,CPV_kevin_pina,6,CPV
4,LAROS DUARTE,CPV_laros_duarte,15,CPV
4,LOGAN COSTA,CPV_logan_costa,5,CPV
4,MARCIO ROSA,CPV_marcio_rosa,12,CPV
4,NUNO DA COSTA,CPV_nuno_da_costa,21,CPV
4,PICO LOPES,CPV_pico_lopes,4,CPV
4,RYAN MENDES,CPV_ryan_mendes,20,CPV
3,SIDNY LOPES CABRAL,CPV_sidny_lopes_cabral,13,CPV
4,STEVEN MOREIRA,CPV_steven_moreira,22,CPV
4,STOPIRA,CPV_stopira,2,CPV
4,TELMO ARCANJO,CPV_telmo_arcanjo,18,CPV
4,VOZINHA,CPV_vozinha,1,CPV
4,WAGNER PINA,CPV_wagner_pina,24,CPV
4,WILLY SEMEDO,CPV_willy_semedo,17,CPV
4,YANNICK SEMEDO,CPV_yannick_semedo,16,CPV
4,Andrej KRAMARIC,CRO_andrej_kramaric,9,CRO
4,Ante BUDIMIR,CRO_ante_budimir,11,CRO
4,Dominik KOTARSKI,CRO_dominik_kotarski,23,CRO
4,Dominik LIVAKOVIC,CRO_dominik_livakovic,1,CRO
4,Duje CALETA-CAR,CRO_duje_caleta_car,5,CRO
4,Igor MATANOVIC,CRO_igor_matanovic,20,CRO
4,Ivan PERISIC,CRO_ivan_perisic,14,CRO
4,Ivor PANDUR,CRO_ivor_pandur,12,CRO
4,Josip STANISIC,CRO_josip_stanisic,2,CRO
4,Josip SUTALO,CRO_josip_sutalo,6,CRO
4,Josko GVARDIOL,CRO_josko_gvardiol,4,CRO
4,Kristijan JAKIC,CRO_kristijan_jakic,18,CRO
4,Luka MODRIC,CRO_luka_modric,10,CRO
4,Luka SUCIC,CRO_luka_sucic,21,CRO
4,Luka VUSKOVIC,CRO_luka_vuskovic,22,CRO
4,Marco PASALIC,CRO_marco_pasalic,24,CRO
4,Marin PONGRACIC,CRO_marin_pongracic,3,CRO
4,Mario PASALIC,CRO_mario_pasalic,15,CRO
4,Martin BATURINA,CRO_martin_baturina,16,CRO
4,Martin ERLIC,CRO_martin_erlic,25,CRO
4,Mateo KOVACIC,CRO_mateo_kovacic,8,CRO
4,Nikola MORO,CRO_nikola_moro,7,CRO
4,Nikola VLASIC,CRO_nikola_vlasic,13,CRO
4,Petar MUSA,CRO_petar_musa,26,CRO
4,Petar SUCIC,CRO_petar_sucic,17,CRO
4,Toni FRUK,CRO_toni_fruk,19,CRO
3,Arjany MARTHA,CUW_arjany_martha,15,CUW
3,Armando OBISPO,CUW_armando_obispo,18,CUW
3,Brandley KUWAS,CUW_brandley_kuwas,17,CUW
3,Deveron FONVILLE,CUW_deveron_fonville,24,CUW
3,Eloy ROOM,CUW_eloy_room,1,CUW
3,Gervane KASTANEER,CUW_gervane_kastaneer,19,CUW
3,Godfried ROEMERATOE,CUW_godfried_roemeratoe,6,CUW
3,Jearl MARGARITHA,CUW_jearl_margaritha,16,CUW
3,Jeremy ANTONISSE,CUW_jeremy_antonisse,11,CUW
3,Joshua BRENET,CUW_joshua_brenet,20,CUW
3,Juergen LOCADIA,CUW_juergen_locadia,9,CUW
3,Juninho BACUNA,CUW_juninho_bacuna,7,CUW
3,Jurien GAARI,CUW_jurien_gaari,3,CUW
3,Kenji GORRE,CUW_kenji_gorre,14,CUW
3,Kevin FELIDA,CUW_kevin_felida,22,CUW
3,Leandro BACUNA,CUW_leandro_bacuna,10,CUW
3,Livano COMENENCIA,CUW_livano_comenencia,8,CUW
3,Riechedly BAZOER,CUW_riechedly_bazoer,23,CUW
3,Roshon VAN EIJMA,CUW_roshon_van_eijma,4,CUW
3,Sherel FLORANUS,CUW_sherel_floranus,5,CUW
3,Shurandy SAMBO,CUW_shurandy_sambo,2,CUW
3,Sontje HANSEN,CUW_sontje_hansen,12,CUW
3,Tahith CHONG,CUW_tahith_chong,21,CUW
3,Trevor DOORNBUSCH,CUW_trevor_doornbusch,26,CUW
3,Tyrese NOSLIN,CUW_tyrese_noslin,13,CUW
3,Tyrick BODAK,CUW_tyrick_bodak,25,CUW
3,Adam HLOZEK,CZE_adam_hlozek,9,CZE
3,Alexandr SOJKA,CZE_alexandr_sojka,24,CZE
3,David DOUDERA,CZE_david_doudera,21,CZE
3,David JURASEK,CZE_david_jurasek,14,CZE
3,David ZIMA,CZE_david_zima,2,CZE
3,Denis VISINSKY,CZE_denis_visinsky,26,CZE
3,Hugo SOCHUREK,CZE_hugo_sochurek,25,CZE
3,Jan KUCHTA,CZE_jan_kuchta,11,CZE
3,Jaroslav ZELENY,CZE_jaroslav_zeleny,20,CZE
3,Jindrich STANEK,CZE_jindrich_stanek,16,CZE
3,Ladislav KREJCI,CZE_ladislav_krejci,7,CZE
3,Lukas CERV,CZE_lukas_cerv,12,CZE
3,Lukas HORNICEK,CZE_lukas_hornicek,23,CZE
3,Lukas PROVOD,CZE_lukas_provod,17,CZE
3,Matej KOVAR,CZE_matej_kovar,1,CZE
3,Michal SADILEK,CZE_michal_sadilek,18,CZE
3,Mojmir CHYTIL,CZE_mojmir_chytil,13,CZE
3,Patrik SCHICK,CZE_patrik_schick,10,CZE
3,Pavel SULC,CZE_pavel_sulc,15,CZE
3,Robin HRANAC,CZE_robin_hranac,4,CZE
3,Stepan CHALOUPEK,CZE_stepan_chaloupek,6,CZE
3,Tomas CHORY,CZE_tomas_chory,19,CZE
3,Tomas HOLES,CZE_tomas_holes,3,CZE
3,Tomas SOUCEK,CZE_tomas_soucek,22,CZE
3,Vladimir COUFAL,CZE_vladimir_coufal,5,CZE
3,Vladimir DARIDA,CZE_vladimir_darida,8,CZE
4,Alan FRANCO,ECU_alan_franco,21,ECU
4,Alan MINDA,ECU_alan_minda,14,ECU
4,Angelo PRECIADO,ECU_angelo_preciado,17,ECU
4,Anthony VALENCIA,ECU_anthony_valencia,8,ECU
4,Denil CASTILLO,ECU_denil_castillo,18,ECU
4,Enner VALENCIA,ECU_enner_valencia,13,ECU
4,Felix TORRES,ECU_felix_torres,2,ECU
4,Gonzalo PLATA,ECU_gonzalo_plata,19,ECU
4,Gonzalo VALLE,ECU_gonzalo_valle,22,ECU
4,Hernan GALINDEZ,ECU_hernan_galindez,1,ECU
4,Jackson POROZO,ECU_jackson_porozo,25,ECU
4,Jeremy AREVALO,ECU_jeremy_arevalo,24,ECU
4,Joel ORDONEZ,ECU_joel_ordonez,4,ECU
4,John YEBOAH,ECU_john_yeboah,9,ECU
4,Jordy ALCIVAR,ECU_jordy_alcivar,5,ECU
4,Jordy CAICEDO,ECU_jordy_caicedo,16,ECU
4,Kendry PAEZ,ECU_kendry_paez,10,ECU
4,Kevin RODRIGUEZ,ECU_kevin_rodriguez,11,ECU
4,Moises CAICEDO,ECU_moises_caicedo,23,ECU
4,Moises RAMIREZ,ECU_moises_ramirez,12,ECU
4,Nilson ANGULO,ECU_nilson_angulo,20,ECU
4,Pedro VITE,ECU_pedro_vite,15,ECU
4,Pervis ESTUPINAN,ECU_pervis_estupinan,7,ECU
4,Piero HINCAPIE,ECU_piero_hincapie,3,ECU
4,Willian PACHO,ECU_willian_pacho,6,ECU
4,Yaimar MEDINA,ECU_yaimar_medina,26,ECU
5,AHMED FATOUH,EGY_ahmed_fatouh,13,EGY
5,EMAM ASHOUR,EGY_emam_ashour,8,EGY
5,HAISSEM HASSAN,EGY_haissem_hassan,12,EGY
5,HAMDY FATHY,EGY_hamdy_fathy,14,EGY
5,HAMZA ABDELKARIM,EGY_hamza_abdelkarim,9,EGY
5,HOSSAM ABDELMAGUID,EGY_hossam_abdelmaguid,4,EGY
5,IBRAHIM ADEL,EGY_ibrahim_adel,20,EGY
5,KARIM HAFEZ,EGY_karim_hafez,15,EGY
5,MAHDY SOLIMAN,EGY_mahdy_soliman,16,EGY
5,MAHMOUD SABER,EGY_mahmoud_saber,21,EGY
5,MARAWAN ATTIA,EGY_marawan_attia,19,EGY
5,MOHAMED ABDELMONEIM,EGY_mohamed_abdelmoneim,6,EGY
5,MOHAMED ALAA,EGY_mohamed_alaa,26,EGY
5,MOHAMED ELSHENAWY,EGY_mohamed_elshenawy,1,EGY
5,MOHAMED HANY,EGY_mohamed_hany,3,EGY
5,MOHAMED SALAH,EGY_mohamed_salah,10,EGY
4,MOHANAD LASHIN,EGY_mohanad_lashin,17,EGY
5,MOSTAFA SHOUBIR,EGY_mostafa_shoubir,23,EGY
5,MOSTAFA ZICO,EGY_mostafa_zico,11,EGY
5,NABIL DONGA,EGY_nabil_donga,18,EGY
5,OMAR MARMOUSH,EGY_omar_marmoush,22,EGY
5,RAMY RABIA,EGY_ramy_rabia,5,EGY
5,TAREK ALAA,EGY_tarek_alaa,24,EGY
5,TREZEGUET,EGY_trezeguet,7,EGY
5,YASSER IBRAHIM,EGY_yasser_ibrahim,2,EGY
5,ZIZO,EGY_zizo,25,EGY
8,Anthony GORDON,ENG_anthony_gordon,18,ENG
8,Bukayo SAKA,ENG_bukayo_saka,7,ENG
8,Dan BURN,ENG_dan_burn,15,ENG
8,Dean HENDERSON,ENG_dean_henderson,13,ENG
8,Declan RICE,ENG_declan_rice,4,ENG
8,Djed SPENCE,ENG_djed_spence,25,ENG
8,Eberechi EZE,ENG_eberechi_eze,21,ENG
8,Elliot ANDERSON,ENG_elliot_anderson,8,ENG
8,Ezri KONSA,ENG_ezri_konsa,2,ENG
8,Harry KANE,ENG_harry_kane,9,ENG
8,Ivan TONEY,ENG_ivan_toney,22,ENG
8,James TRAFFORD,ENG_james_trafford,23,ENG
6,Jarell QUANSAH,ENG_jarell_quansah,26,ENG
8,John STONES,ENG_john_stones,5,ENG
8,Jordan HENDERSON,ENG_jordan_henderson,14,ENG
8,Jordan PICKFORD,ENG_jordan_pickford,1,ENG
8,Jude BELLINGHAM,ENG_jude_bellingham,10,ENG
8,Kobbie MAINOO,ENG_kobbie_mainoo,16,ENG
8,Marc GUEHI,ENG_marc_guehi,6,ENG
8,Marcus RASHFORD,ENG_marcus_rashford,11,ENG
8,Morgan ROGERS,ENG_morgan_rogers,17,ENG
8,Nico OREILLY,ENG_nico_oreilly,3,ENG
8,Noni MADUEKE,ENG_noni_madueke,20,ENG
8,Ollie WATKINS,ENG_ollie_watkins,19,ENG
8,Reece JAMES,ENG_reece_james,24,ENG
8,Trevoh CHALOBAH,ENG_trevoh_chalobah,12,ENG
8,Alex BAENA,ESP_alex_baena,15,ESP
8,Alex GRIMALDO,ESP_alex_grimaldo,3,ESP
8,Aymeric LAPORTE,ESP_aymeric_laporte,14,ESP
8,Borja IGLESIAS,ESP_borja_iglesias,26,ESP
8,Dani OLMO,ESP_dani_olmo,10,ESP
8,David RAYA,ESP_david_raya,1,ESP
8,Eric GARCIA,ESP_eric_garcia,4,ESP
8,Fabian RUIZ,ESP_fabian_ruiz,8,ESP
8,Ferran TORRES,ESP_ferran_torres,7,ESP
8,GAVI,ESP_gavi,9,ESP
8,Joan GARCIA,ESP_joan_garcia,13,ESP
8,Lamine YAMAL,ESP_lamine_yamal,19,ESP
8,Marc CUCURELLA,ESP_marc_cucurella,24,ESP
8,Marc PUBILL,ESP_marc_pubill,2,ESP
8,Marcos LLORENTE,ESP_marcos_llorente,5,ESP
8,Martin ZUBIMENDI,ESP_martin_zubimendi,18,ESP
8,Mikel MERINO,ESP_mikel_merino,6,ESP
8,Mikel OYARZABAL,ESP_mikel_oyarzabal,21,ESP
8,Nico WILLIAMS,ESP_nico_williams,17,ESP
8,Pau CUBARSI,ESP_pau_cubarsi,22,ESP
8,PEDRI,ESP_pedri,20,ESP
8,Pedro PORRO,ESP_pedro_porro,12,ESP
8,RODRI,ESP_rodri,16,ESP
8,Unai SIMON,ESP_unai_simon,23,ESP
8,Victor MUNOZ,ESP_victor_munoz,25,ESP
8,Yeremy PINO,ESP_yeremy_pino,11,ESP
8,Adrien RABIOT,FRA_adrien_rabiot,14,FRA
8,Aurelien TCHOUAMENI,FRA_aurelien_tchouameni,8,FRA
8,Bradley BARCOLA,FRA_bradley_barcola,12,FRA
8,Brice SAMBA,FRA_brice_samba,1,FRA
8,Dayot UPAMECANO,FRA_dayot_upamecano,4,FRA
1,DEMBELE,FRA_dembele,7,FRA
8,Desire DOUE,FRA_desire_doue,20,FRA
8,Ibrahima KONATE,FRA_ibrahima_konate,15,FRA
8,Jean-Philippe MATETA,FRA_jean_philippe_mateta,22,FRA
8,Jules KOUNDE,FRA_jules_kounde,5,FRA
8,Kylian MBAPPE,FRA_kylian_mbappe,10,FRA
8,Lucas DIGNE,FRA_lucas_digne,3,FRA
8,Lucas HERNANDEZ,FRA_lucas_hernandez,21,FRA
8,Maghnes AKLIOUCHE,FRA_maghnes_akliouche,25,FRA
8,Malo GUSTO,FRA_malo_gusto,2,FRA
8,Manu KONE,FRA_manu_kone,6,FRA
8,Marcus THURAM,FRA_marcus_thuram,9,FRA
8,Maxence LACROIX,FRA_maxence_lacroix,26,FRA
8,Michael OLISE,FRA_michael_olise,11,FRA
8,Mike MAIGNAN,FRA_mike_maignan,16,FRA
8,Ngolo KANTE,FRA_ngolo_kante,13,FRA
7,Ousmane DEMBELE,FRA_ousmane_dembele,7,FRA
8,Rayan CHERKI,FRA_rayan_cherki,24,FRA
8,Robin RISSER,FRA_robin_risser,23,FRA
8,Theo HERNANDEZ,FRA_theo_hernandez,19,FRA
8,Warren ZAIRE-EMERY,FRA_warren_zaire_emery,18,FRA
8,William SALIBA,FRA_william_saliba,17,FRA
4,Aleksandar PAVLOVIC,GER_aleksandar_pavlovic,5,GER
4,Alexander NUEBEL,GER_alexander_nuebel,21,GER
4,Angelo STILLER,GER_angelo_stiller,16,GER
4,Antonio RUEDIGER,GER_antonio_ruediger,2,GER
4,Assan OUEDRAOGO,GER_assan_ouedraogo,25,GER
4,David RAUM,GER_david_raum,22,GER
4,Deniz UNDAV,GER_deniz_undav,26,GER
4,Felix NMECHA,GER_felix_nmecha,23,GER
4,Florian WIRTZ,GER_florian_wirtz,17,GER
4,Jamal MUSIALA,GER_jamal_musiala,10,GER
4,Jamie LEWELING,GER_jamie_leweling,9,GER
4,Jonathan TAH,GER_jonathan_tah,4,GER
4,Joshua KIMMICH,GER_joshua_kimmich,6,GER
4,Kai HAVERTZ,GER_kai_havertz,7,GER
4,Leon GORETZKA,GER_leon_goretzka,8,GER
4,Leroy SANE,GER_leroy_sane,19,GER
4,Malick THIAW,GER_malick_thiaw,24,GER
4,Manuel NEUER,GER_manuel_neuer,1,GER
4,Maximilian BEIER,GER_maximilian_beier,14,GER
4,Nadiem AMIRI,GER_nadiem_amiri,20,GER
4,Nathaniel BROWN,GER_nathaniel_brown,18,GER
4,Nick WOLTEMADE,GER_nick_woltemade,11,GER
4,Nico SCHLOTTERBECK,GER_nico_schlotterbeck,15,GER
4,Oliver BAUMANN,GER_oliver_baumann,12,GER
4,Pascal GROSS,GER_pascal_gross,13,GER
4,Waldemar ANTON,GER_waldemar_anton,3,GER
1,Abbosbek FAYZULLAEV,GHA_abbosbek_fayzullaev,22,GHA
1,Abdukodir KHUSANOV,GHA_abdukodir_khusanov,2,GHA
4,Abdul FATAWU,GHA_abdul_fatawu,7,GHA
4,Abdul MUMIN,GHA_abdul_mumin,6,GHA
1,Abdulla ABDULLAEV,GHA_abdulla_abdullaev,18,GHA
1,Abduvohid NEMATOV,GHA_abduvohid_nematov,12,GHA
1,Akmal MOZGOVOY,GHA_akmal_mozgovoy,6,GHA
4,Alidu SEIDU,GHA_alidu_seidu,2,GHA
4,Antoine SEMENYO,GHA_antoine_semenyo,11,GHA
4,Augustine BOAKYE,GHA_augustine_boakye,20,GHA
1,Avazbek ULMASALIYEV,GHA_avazbek_ulmasaliyev,25,GHA
1,Azizbek AMONOV,GHA_azizbek_amonov,20,GHA
1,Azizjon GANIEV,GHA_azizjon_ganiev,19,GHA
4,Baba RAHMAN,GHA_baba_rahman,17,GHA
1,Behruzjon KARIMOV,GHA_behruzjon_karimov,24,GHA
4,Benjamin ASARE,GHA_benjamin_asare,16,GHA
1,Botirali ERGASHEV,GHA_botirali_ergashev,16,GHA
4,Brandon THOMAS-ASANTE,GHA_brandon_thomas_asante,10,GHA
4,Caleb YIRENKYI,GHA_caleb_yirenkyi,3,GHA
4,Christopher BONSU BAAH,GHA_christopher_bonsu_baah,13,GHA
4,Derrick LUCKASSEN,GHA_derrick_luckassen,23,GHA
1,Dostonbek KHAMDAMOV,GHA_dostonbek_khamdamov,17,GHA
1,Eldor SHOMURODOV,GHA_eldor_shomurodov,14,GHA
4,Elisha OWUSU,GHA_elisha_owusu,15,GHA
4,Ernest NUAMAH,GHA_ernest_nuamah,24,GHA
1,Farrukh SAYFIEV,GHA_farrukh_sayfiev,4,GHA
4,Gideon MENSAH,GHA_gideon_mensah,14,GHA
1,Igor SERGEEV,GHA_igor_sergeev,21,GHA
4,Inaki WILLIAMS,GHA_inaki_williams,19,GHA
1,Jakhongir UROZOV,GHA_jakhongir_urozov,26,GHA
1,Jamshid ISKANDEROV,GHA_jamshid_iskanderov,8,GHA
4,Jerome OPOKU,GHA_jerome_opoku,18,GHA
4,Jonas ADJETEY,GHA_jonas_adjetey,4,GHA
4,Jordan AYEW,GHA_jordan_ayew,9,GHA
4,Joseph ANANG,GHA_joseph_anang,12,GHA
4,Kamaldeen SULEMANA,GHA_kamaldeen_sulemana,22,GHA
1,Khojiakbar ALIJONOV,GHA_khojiakbar_alijonov,3,GHA
4,Kojo Peprah OPPONG,GHA_kojo_peprah_oppong,21,GHA
4,Kwasi SIBO,GHA_kwasi_sibo,8,GHA
4,Lawrence Ati ZIGI,GHA_lawrence_ati_zigi,1,GHA
4,Marvin SENAYA,GHA_marvin_senaya,26,GHA
1,Odiljon XAMROBEKOV,GHA_odiljon_xamrobekov,9,GHA
1,Oston URUNOV,GHA_oston_urunov,11,GHA
1,Otabek SHUKUROV,GHA_otabek_shukurov,7,GHA
4,Prince ADU,GHA_prince_adu,25,GHA
1,Ruslanbek JIYANOV,GHA_ruslanbek_jiyanov,10,GHA
1,Rustam ASHURMATOV,GHA_rustam_ashurmatov,5,GHA
1,Sherzod ESANOV,GHA_sherzod_esanov,23,GHA
1,Sherzod NASRULLAEV,GHA_sherzod_nasrullaev,13,GHA
4,Thomas PARTEY,GHA_thomas_partey,5,GHA
1,Umar ESHMURODOV,GHA_umar_eshmurodov,15,GHA
1,Utkir YUSUPOV,GHA_utkir_yusupov,1,GHA
3,Alexandre PIERRE,HAI_alexandre_pierre,12,HAI
3,Carl SAINTE,HAI_carl_sainte,6,HAI
3,Carlens ARCUS,HAI_carlens_arcus,2,HAI
3,Danley JEAN JACQUES,HAI_danley_jean_jacques,17,HAI
3,Derrick ETIENNE,HAI_derrick_etienne,7,HAI
3,Dominique SIMON,HAI_dominique_simon,25,HAI
3,Duckens NAZON,HAI_duckens_nazon,9,HAI
3,Frantzdy PIERROT,HAI_frantzdy_pierrot,20,HAI
3,Garven METUSALA,HAI_garven_metusala,14,HAI
3,Hannes DELCROIX,HAI_hannes_delcroix,5,HAI
3,Jean-Kevin DUVERNE,HAI_jean_kevin_duverne,22,HAI
3,Jean-Ricner BELLEGARDE,HAI_jean_ricner_bellegarde,10,HAI
3,Johny PLACIDE,HAI_johny_placide,1,HAI
3,Josue CASIMIR,HAI_josue_casimir,21,HAI
3,Josue DUVERGER,HAI_josue_duverger,23,HAI
3,Keeto THERMONCY,HAI_keeto_thermoncy,3,HAI
3,Lenny JOSEPH,HAI_lenny_joseph,16,HAI
3,Louicius DEEDSON,HAI_louicius_deedson,11,HAI
3,Markhus LACROIX,HAI_markhus_lacroix,13,HAI
3,Martin EXPERIENCE,HAI_martin_experience,8,HAI
3,Ricardo ADE,HAI_ricardo_ade,4,HAI
3,Ruben PROVIDENCE,HAI_ruben_providence,15,HAI
3,Wilguens PAUGAIN,HAI_wilguens_paugain,24,HAI
3,Wilson ISIDOR,HAI_wilson_isidor,18,HAI
3,Woodensky PIERRE,HAI_woodensky_pierre,26,HAI
3,Yassin FORTUNE,HAI_yassin_fortune,19,HAI
3,Ali ALIPOUR,IRN_ali_alipour,11,IRN
3,Ali NEMATI,IRN_ali_nemati,19,IRN
3,Alireza BEIRANVAND,IRN_alireza_beiranvand,1,IRN
3,Alireza JAHANBAKHSH,IRN_alireza_jahanbakhsh,7,IRN
3,Amirhossein HOSSEINZADEH,IRN_amirhossein_hosseinzadeh,18,IRN
3,Amirmohammad RAZAGHINIA,IRN_amirmohammad_razaghinia,26,IRN
3,Arya YOUSEFI,IRN_arya_yousefi,17,IRN
3,Danial IRI,IRN_danial_iri,25,IRN
3,Dennis DARGAHI,IRN_dennis_dargahi,24,IRN
3,Ehsan HAJISAFI,IRN_ehsan_hajisafi,3,IRN
3,Hossein HOSSEINI,IRN_hossein_hosseini,22,IRN
3,Hossein KANANI,IRN_hossein_kanani,13,IRN
3,Mehdi GHAYEDI,IRN_mehdi_ghayedi,10,IRN
3,Mehdi TAREMI,IRN_mehdi_taremi,9,IRN
3,Mehdi TORABI,IRN_mehdi_torabi,16,IRN
3,Milad MOHAMMADI,IRN_milad_mohammadi,5,IRN
3,Mohammad GHORBANI,IRN_mohammad_ghorbani,21,IRN
3,Mohammad MOHEBBI,IRN_mohammad_mohebbi,8,IRN
3,Payam NIAZMAND,IRN_payam_niazmand,12,IRN
3,Ramin REZAEIAN,IRN_ramin_rezaeian,23,IRN
3,Roozbeh CHESHMI,IRN_roozbeh_cheshmi,15,IRN
3,Saeid EZATOLAHI,IRN_saeid_ezatolahi,6,IRN
3,Saleh HARDANI,IRN_saleh_hardani,2,IRN
3,Saman GHODDOS,IRN_saman_ghoddos,14,IRN
3,Shahriyar MOGHANLOO,IRN_shahriyar_moghanloo,20,IRN
3,Shoja KHALILZADEH,IRN_shoja_khalilzadeh,4,IRN
3,AHMED BASIL,IRQ_ahmed_basil,22,IRQ
3,AHMED MAKNAZI,IRQ_ahmed_maknazi,15,IRQ
3,AHMED QASEM,IRQ_ahmed_qasem,11,IRQ
3,AIMAR SHER,IRQ_aimar_sher,20,IRQ
3,AKAM HASHIM,IRQ_akam_hashim,5,IRQ
3,ALI ALHAMADI,IRQ_ali_alhamadi,9,IRQ
3,ALI JASIM,IRQ_ali_jasim,17,IRQ
3,ALI YOUSIF,IRQ_ali_yousif,13,IRQ
3,AMIR ALAMMARI,IRQ_amir_alammari,16,IRQ
3,AYMEN HUSSEIN,IRQ_aymen_hussein,18,IRQ
3,FAHAD TALIB,IRQ_fahad_talib,1,IRQ
3,FRANS PUTROS,IRQ_frans_putros,26,IRQ
3,HUSSEIN ALI,IRQ_hussein_ali,3,IRQ
3,IBRAHIM BAYESH,IRQ_ibrahim_bayesh,8,IRQ
3,JALAL HASSAN,IRQ_jalal_hassan,12,IRQ
3,KEVIN YAKOB,IRQ_kevin_yakob,19,IRQ
3,MARKO FARJI,IRQ_marko_farji,21,IRQ
3,MERCHAS DOSKI,IRQ_merchas_doski,23,IRQ
3,MOHANAD ALI,IRQ_mohanad_ali,10,IRQ
3,MUNAF YOUNUS,IRQ_munaf_younus,6,IRQ
3,MUSTAFA SAADOON,IRQ_mustafa_saadoon,25,IRQ
3,REBIN SULAKA,IRQ_rebin_sulaka,2,IRQ
3,YOUSSEF AMYN,IRQ_youssef_amyn,7,IRQ
3,ZAID ISMAEL,IRQ_zaid_ismael,24,IRQ
3,ZAID TAHSEEN,IRQ_zaid_tahseen,4,IRQ
3,ZIDANE IQBAL,IRQ_zidane_iqbal,14,IRQ
3,ABDALLAH ALFAKHORI,JOR_abdallah_alfakhori,22,JOR
3,ABDALLAH NASIB,JOR_abdallah_nasib,3,JOR
3,ALI AZAIZEH,JOR_ali_azaizeh,24,JOR
3,ALI OLWAN,JOR_ali_olwan,9,JOR
3,AMER JAMOUS,JOR_amer_jamous,6,JOR
3,ANAS BADAWI,JOR_anas_badawi,26,JOR
3,EHSAN HADDAD,JOR_ehsan_haddad,23,JOR
3,HUSAM ABUDAHAB,JOR_husam_abudahab,4,JOR
3,IBRAHIM SADEH,JOR_ibrahim_sadeh,15,JOR
3,MAHMOUD ALMARDI,JOR_mahmoud_almardi,13,JOR
3,MOHAMMAD ABUALNADI,JOR_mohammad_abualnadi,16,JOR
3,MOHAMMAD ABUGHOUSH,JOR_mohammad_abughoush,18,JOR
3,MOHAMMAD ABUHASHEESH,JOR_mohammad_abuhasheesh,2,JOR
3,MOHAMMAD ABUZRAIQ,JOR_mohammad_abuzraiq,7,JOR
3,MOHAMMAD ALDAOUD,JOR_mohammad_aldaoud,25,JOR
3,MOHANNAD ABUTAHA,JOR_mohannad_abutaha,20,JOR
3,MOUSA ALTAMARI,JOR_mousa_altamari,10,JOR
3,NIZAR ALRASHDAN,JOR_nizar_alrashdan,21,JOR
3,NOOR ALRAWABDEH,JOR_noor_alrawabdeh,8,JOR
3,NOUR BANIATEYAH,JOR_nour_baniateyah,12,JOR
3,ODEH FAKHOURY,JOR_odeh_fakhoury,11,JOR
3,RAJAEI AYED,JOR_rajaei_ayed,14,JOR
3,SAED ALROSAN,JOR_saed_alrosan,19,JOR
3,SALEEM OBAID,JOR_saleem_obaid,17,JOR
3,YAZAN ALARAB,JOR_yazan_alarab,5,JOR
3,YAZEED ABULAILA,JOR_yazeed_abulaila,1,JOR
4,Ao TANAKA,JPN_ao_tanaka,7,JPN
4,Ayase UEDA,JPN_ayase_ueda,18,JPN
4,Ayumu SEKO,JPN_ayumu_seko,20,JPN
4,Daichi KAMADA,JPN_daichi_kamada,15,JPN
4,Daizen MAEDA,JPN_daizen_maeda,11,JPN
4,Hiroki ITO,JPN_hiroki_ito,21,JPN
4,Junnosuke SUZUKI,JPN_junnosuke_suzuki,25,JPN
4,Junya ITO,JPN_junya_ito,14,JPN
4,Kaishu SANO,JPN_kaishu_sano,24,JPN
4,Keisuke GOTO,JPN_keisuke_goto,9,JPN
4,Keisuke OSAKO,JPN_keisuke_osako,12,JPN
4,Keito NAKAMURA,JPN_keito_nakamura,13,JPN
4,Kento SHIOGAI,JPN_kento_shiogai,26,JPN
4,Koki OGAWA,JPN_koki_ogawa,19,JPN
4,Kou ITAKURA,JPN_kou_itakura,4,JPN
4,Ritsu DOAN,JPN_ritsu_doan,10,JPN
4,Shogo TANIGUCHI,JPN_shogo_taniguchi,3,JPN
4,Shuto MACHINO,JPN_shuto_machino,6,JPN
4,Takefusa KUBO,JPN_takefusa_kubo,8,JPN
4,Takehiro TOMIYASU,JPN_takehiro_tomiyasu,22,JPN
4,Tomoki HAYAKAWA,JPN_tomoki_hayakawa,23,JPN
4,Tsuyoshi WATANABE,JPN_tsuyoshi_watanabe,16,JPN
4,Yuito SUZUKI,JPN_yuito_suzuki,17,JPN
4,Yukinari SUGAWARA,JPN_yukinari_sugawara,2,JPN
4,Yuto NAGATOMO,JPN_yuto_nagatomo,5,JPN
4,Zion SUZUKI,JPN_zion_suzuki,1,JPN
3,BAE Junho,KOR_bae_junho,17,KOR
3,CASTROP Jens,KOR_castrop_jens,23,KOR
3,CHO Guesung,KOR_cho_guesung,9,KOR
3,CHO Wije,KOR_cho_wije,14,KOR
3,EOM Jisung,KOR_eom_jisung,25,KOR
3,HWANG Heechan,KOR_hwang_heechan,11,KOR
3,HWANG Inbeom,KOR_hwang_inbeom,6,KOR
3,JO Hyeonwoo,KOR_jo_hyeonwoo,21,KOR
3,KIM Jingyu,KOR_kim_jingyu,24,KOR
3,KIM Minjae,KOR_kim_minjae,4,KOR
3,KIM Moonhwan,KOR_kim_moonhwan,15,KOR
3,KIM Seunggyu,KOR_kim_seunggyu,1,KOR
3,KIM Taehyeon,KOR_kim_taehyeon,5,KOR
3,LEE Donggyeong,KOR_lee_donggyeong,26,KOR
3,LEE Gihyuk,KOR_lee_gihyuk,3,KOR
3,LEE Hanbeom,KOR_lee_hanbeom,2,KOR
3,LEE Jaesung,KOR_lee_jaesung,10,KOR
3,LEE Kangin,KOR_lee_kangin,19,KOR
3,LEE Taeseok,KOR_lee_taeseok,13,KOR
3,OH Hyeongyu,KOR_oh_hyeongyu,18,KOR
3,PAIK Seungho,KOR_paik_seungho,8,KOR
3,PARK Jinseob,KOR_park_jinseob,16,KOR
3,SEOL Youngwoo,KOR_seol_youngwoo,22,KOR
3,SON Heungmin,KOR_son_heungmin,7,KOR
3,SONG Bumkeun,KOR_song_bumkeun,12,KOR
3,YANG Hyunjun,KOR_yang_hyunjun,20,KOR
3,ABDULELAH ALAMRI,KSA_abdulelah_alamri,4,KSA
3,ABDULLAH ALHAMDDAN,KSA_abdullah_alhamddan,19,KSA
3,ABDULLAH ALKHAIBARI,KSA_abdullah_alkhaibari,15,KSA
3,AHMED ALKASSAR,KSA_ahmed_alkassar,22,KSA
3,AIMAN YAHYA,KSA_aiman_yahya,8,KSA
3,ALA ALHAJJI,KSA_ala_alhajji,18,KSA
3,ALI LAJAMI,KSA_ali_lajami,3,KSA
3,ALI MAJRASHI,KSA_ali_majrashi,2,KSA
3,FERAS ALBRIKAN,KSA_feras_albrikan,9,KSA
3,HASSAN ALTAMBAKTI,KSA_hassan_altambakti,5,KSA
3,HASSAN KADISH,KSA_hassan_kadish,14,KSA
3,JEHAD THIKRI,KSA_jehad_thikri,25,KSA
3,KHALID ALGHANNAM,KSA_khalid_alghannam,17,KSA
3,MOHAMED KANNO,KSA_mohamed_kanno,23,KSA
3,MOHAMMED ABU ALSHAMAT,KSA_mohammed_abu_alshamat,26,KSA
3,MOHAMMED ALOWAIS,KSA_mohammed_alowais,21,KSA
3,MOTEB ALHARBI,KSA_moteb_alharbi,24,KSA
3,MUSAB ALJUWAYR,KSA_musab_aljuwayr,7,KSA
3,NASSER ALDAWSARI,KSA_nasser_aldawsari,6,KSA
3,NAWAF ALAQIDI,KSA_nawaf_alaqidi,1,KSA
3,NAWAF BU WASHL,KSA_nawaf_bu_washl,13,KSA
3,SALEH ALSHEHRI,KSA_saleh_alshehri,11,KSA
3,SALEM ALDAWSARI,KSA_salem_aldawsari,10,KSA
3,SAUD ABDULHAMID,KSA_saud_abdulhamid,12,KSA
3,SULTAN MANDASH,KSA_sultan_mandash,20,KSA
3,ZIYAD ALJOHANI,KSA_ziyad_aljohani,16,KSA
6,Achraf HAKIMI,MAR_achraf_hakimi,2,MAR
6,Ahmed Reda TAGNAOUTI,MAR_ahmed_reda_tagnaouti,22,MAR
6,Amine SBAI,MAR_amine_sbai,17,MAR
6,Anass SALAH EDDINE,MAR_anass_salah_eddine,26,MAR
6,Ayoub EL KAABI,MAR_ayoub_el_kaabi,20,MAR
6,Ayoube AMAIMOUNI,MAR_ayoube_amaimouni,21,MAR
6,Ayyoub BOUADDI,MAR_ayyoub_bouaddi,6,MAR
5,Azzedine OUNAHI,MAR_azzedine_ounahi,8,MAR
6,Bilal EL KHANNOUSS,MAR_bilal_el_khannouss,23,MAR
6,Brahim DIAZ,MAR_brahim_diaz,10,MAR
6,Chadi RIAD,MAR_chadi_riad,18,MAR
6,Chemsdine TALBI,MAR_chemsdine_talbi,7,MAR
6,Gessime YASSINE,MAR_gessime_yassine,16,MAR
6,Ismael SAIBARI,MAR_ismael_saibari,11,MAR
6,Issa DIOP,MAR_issa_diop,14,MAR
6,Marwane SAADANE,MAR_marwane_saadane,5,MAR
6,Munir EL KAJOUI,MAR_munir_el_kajoui,12,MAR
6,Neil EL AYNAOUI,MAR_neil_el_aynaoui,24,MAR
6,Noussair MAZRAOUI,MAR_noussair_mazraoui,3,MAR
1,OUNAHI,MAR_ounahi,8,MAR
6,Redouane HALHAL,MAR_redouane_halhal,25,MAR
6,Samir EL MOURABET,MAR_samir_el_mourabet,15,MAR
6,Sofyan AMRABAT,MAR_sofyan_amrabat,4,MAR
6,Souﬁane RAHIMI,MAR_soufiane_rahimi,9,MAR
6,Yassine BOUNOU,MAR_yassine_bounou,1,MAR
6,Youssef BELAMMARI,MAR_youssef_belammari,19,MAR
6,Zakaria EL OUAHDI,MAR_zakaria_el_ouahdi,13,MAR
5,Alexis VEGA,MEX_alexis_vega,10,MEX
5,Alvaro FIDALGO,MEX_alvaro_fidalgo,8,MEX
5,Armando GONZALEZ,MEX_armando_gonzalez,14,MEX
5,Brian GUTIERREZ,MEX_brian_gutierrez,26,MEX
5,Carlos ACEVEDO,MEX_carlos_acevedo,12,MEX
5,Cesar HUERTA,MEX_cesar_huerta,21,MEX
4,Cesar MONTES,MEX_cesar_montes,3,MEX
5,Edson ALVAREZ,MEX_edson_alvarez,4,MEX
5,Erik LIRA,MEX_erik_lira,6,MEX
5,Gilberto MORA,MEX_gilberto_mora,19,MEX
5,Guillermo MARTINEZ,MEX_guillermo_martinez,22,MEX
5,Guillermo OCHOA,MEX_guillermo_ochoa,13,MEX
5,Israel REYES,MEX_israel_reyes,15,MEX
5,Jesus GALLARDO,MEX_jesus_gallardo,23,MEX
5,Johan VASQUEZ,MEX_johan_vasquez,5,MEX
5,Jorge SANCHEZ,MEX_jorge_sanchez,2,MEX
5,Julian QUINONES,MEX_julian_quinones,16,MEX
5,Luis CHAVEZ,MEX_luis_chavez,24,MEX
5,Luis ROMO,MEX_luis_romo,7,MEX
5,Mateo CHAVEZ,MEX_mateo_chavez,20,MEX
5,Obed VARGAS,MEX_obed_vargas,18,MEX
5,Orbelin PINEDA,MEX_orbelin_pineda,17,MEX
5,Raul JIMENEZ,MEX_raul_jimenez,9,MEX
5,Raul RANGEL,MEX_raul_rangel,1,MEX
5,Roberto ALVARADO,MEX_roberto_alvarado,25,MEX
5,Santiago GIMENEZ,MEX_santiago_gimenez,11,MEX
4,Bart VERBRUGGEN,NED_bart_verbruggen,1,NED
4,Brian BROBBEY,NED_brian_brobbey,19,NED
4,Cody GAKPO,NED_cody_gakpo,11,NED
1,Crysencio,NED_crysencio,24,NED
3,Crysencio SUMMERVILLE,NED_crysencio_summerville,24,NED
4,Denzel DUMFRIES,NED_denzel_dumfries,22,NED
4,Donyell MALEN,NED_donyell_malen,18,NED
4,Frenkie DE JONG,NED_frenkie_de_jong,21,NED
4,Guus TIL,NED_guus_til,16,NED
4,Jan Paul VAN HECKE,NED_jan_paul_van_hecke,6,NED
4,Jorrel HATO,NED_jorrel_hato,25,NED
4,Justin KLUIVERT,NED_justin_kluivert,7,NED
4,Lutsharel GEERTRUIDA,NED_lutsharel_geertruida,2,NED
4,Mark FLEKKEN,NED_mark_flekken,23,NED
4,Marten DE ROON,NED_marten_de_roon,3,NED
4,Mats WIEFFER,NED_mats_wieffer,12,NED
4,Memphis DEPAY,NED_memphis_depay,10,NED
4,Micky VAN DE VEN,NED_micky_van_de_ven,15,NED
4,Nathan AKE,NED_nathan_ake,5,NED
4,Noa LANG,NED_noa_lang,17,NED
4,Quinten TIMBER,NED_quinten_timber,26,NED
4,Robin ROEFS,NED_robin_roefs,13,NED
4,Ryan GRAVENBERCH,NED_ryan_gravenberch,8,NED
4,Teun KOOPMEINERS,NED_teun_koopmeiners,20,NED
4,Tijjani REIJNDERS,NED_tijjani_reijnders,14,NED
4,Virgil VAN DIJK,NED_virgil_van_dijk,4,NED
4,Wout WEGHORST,NED_wout_weghorst,9,NED
6,Alexander SORLOTH,NOR_alexander_sorloth,7,NOR
6,Andreas SCHJELDERUP,NOR_andreas_schjelderup,21,NOR
6,Antonio NUSA,NOR_antonio_nusa,20,NOR
6,David MOLLER WOLFE,NOR_david_moller_wolfe,5,NOR
6,Egil SELVIK,NOR_egil_selvik,13,NOR
6,Erling HAALAND,NOR_erling_haaland,9,NOR
6,Fredrik Andre BJORKAN,NOR_fredrik_andre_bjorkan,15,NOR
6,Fredrik AURSNES,NOR_fredrik_aursnes,14,NOR
6,Henrik FALCHENER,NOR_henrik_falchener,25,NOR
6,Jens Petter HAUGE,NOR_jens_petter_hauge,23,NOR
6,Jorgen STRAND LARSEN,NOR_jorgen_strand_larsen,11,NOR
6,Julian RYERSON,NOR_julian_ryerson,26,NOR
6,Kristian THORSTVEDT,NOR_kristian_thorstvedt,18,NOR
6,Kristoffer AJER,NOR_kristoffer_ajer,3,NOR
6,Leo OSTIGARD,NOR_leo_ostigard,4,NOR
6,Marcus HOLMGREN PEDERSEN,NOR_marcus_holmgren_pedersen,16,NOR
6,Martin ODEGAARD,NOR_martin_odegaard,10,NOR
6,Morten THORSBY,NOR_morten_thorsby,2,NOR
6,Orjan NYLAND,NOR_orjan_nyland,1,NOR
6,Oscar BOBB,NOR_oscar_bobb,22,NOR
6,Patrick BERG,NOR_patrick_berg,6,NOR
6,Sander BERGE,NOR_sander_berge,8,NOR
6,Sander TANGVIK,NOR_sander_tangvik,12,NOR
6,Sondre LANGAS,NOR_sondre_langas,24,NOR
6,Thelo AASGAARD,NOR_thelo_aasgaard,19,NOR
6,Torbjorn HEGGEM,NOR_torbjorn_heggem,17,NOR
3,Alex PAULSEN,NZL_alex_paulsen,12,NZL
3,Alex RUFER,NZL_alex_rufer,14,NZL
3,Ben OLD,NZL_ben_old,19,NZL
3,Ben WAINE,NZL_ben_waine,18,NZL
3,Callan ELLIOT,NZL_callan_elliot,24,NZL
3,Callum McCOWATT,NZL_callum_mccowatt,20,NZL
3,Chris WOOD,NZL_chris_wood,9,NZL
3,Elijah JUST,NZL_elijah_just,11,NZL
3,Finn SURMAN,NZL_finn_surman,16,NZL
3,Francis DE VRIES,NZL_francis_de_vries,3,NZL
3,Jesse RANDALL,NZL_jesse_randall,21,NZL
3,Joe BELL,NZL_joe_bell,6,NZL
3,Kosta BARBAROUSES,NZL_kosta_barbarouses,17,NZL
3,Lachlan BAYLISS,NZL_lachlan_bayliss,25,NZL
3,Liberato CACACE,NZL_liberato_cacace,13,NZL
3,Logan ROGERSON,NZL_logan_rogerson,7,NZL
3,Marko STAMENIC,NZL_marko_stamenic,8,NZL
3,Max CROCOMBE,NZL_max_crocombe,1,NZL
3,Michael BOXALL,NZL_michael_boxall,5,NZL
3,Michael WOUD,NZL_michael_woud,22,NZL
3,Nando PIJNAKER,NZL_nando_pijnaker,15,NZL
3,Ryan THOMAS,NZL_ryan_thomas,23,NZL
3,Sarpreet SINGH,NZL_sarpreet_singh,10,NZL
3,Tim PAYNE,NZL_tim_payne,2,NZL
3,Tommy SMITH,NZL_tommy_smith,26,NZL
3,Tyler BINDON,NZL_tyler_bindon,4,NZL
3,Adalberto CARRASQUILLA,PAN_adalberto_carrasquilla,8,PAN
3,Alberto QUINTERO,PAN_alberto_quintero,19,PAN
3,Amir MURILLO,PAN_amir_murillo,23,PAN
3,Andres ANDRADE,PAN_andres_andrade,16,PAN
3,Anibal GODOY,PAN_anibal_godoy,20,PAN
3,Azarias LONDONO,PAN_azarias_londono,24,PAN
3,Carlos HARVEY,PAN_carlos_harvey,14,PAN
3,Cecilio WATERMAN,PAN_cecilio_waterman,18,PAN
3,Cesar BLACKMAN,PAN_cesar_blackman,2,PAN
3,Cesar SAMUDIO,PAN_cesar_samudio,12,PAN
3,Cesar YANIS,PAN_cesar_yanis,21,PAN
3,Cristian MARTINEZ,PAN_cristian_martinez,6,PAN
3,Edgar Yoel BARCENAS,PAN_edgar_yoel_barcenas,11,PAN
3,Edgardo FARINA,PAN_edgardo_farina,5,PAN
3,Eric DAVIS,PAN_eric_davis,15,PAN
3,Fidel ESCOBAR,PAN_fidel_escobar,4,PAN
3,Ismael DIAZ,PAN_ismael_diaz,10,PAN
3,Jiovany RAMOS,PAN_jiovany_ramos,13,PAN
3,Jorge GUTIERREZ,PAN_jorge_gutierrez,26,PAN
3,Jose CORDOBA,PAN_jose_cordoba,3,PAN
3,Jose FAJARDO,PAN_jose_fajardo,17,PAN
3,Jose Luis RODRIGUEZ,PAN_jose_luis_rodriguez,7,PAN
3,Luis MEJIA,PAN_luis_mejia,1,PAN
3,Orlando MOSQUERA,PAN_orlando_mosquera,22,PAN
3,Roderick MILLER,PAN_roderick_miller,25,PAN
3,Tomas RODRIGUEZ,PAN_tomas_rodriguez,9,PAN
5,Alejandro ROMERO GAMARRA,PAR_alejandro_romero_gamarra,17,PAR
5,Alex ARCE,PAR_alex_arce,18,PAR
5,Alexandro MAIDANA,PAR_alexandro_maidana,26,PAR
5,Andres CUBAS,PAR_andres_cubas,14,PAR
5,Antonio SANABRIA,PAR_antonio_sanabria,9,PAR
5,Braian OJEDA,PAR_braian_ojeda,20,PAR
5,Damian BOBADILLA,PAR_damian_bobadilla,16,PAR
4,Diego GOMEZ,PAR_diego_gomez,8,PAR
5,Fabian BALBUENA,PAR_fabian_balbuena,5,PAR
5,Gabriel AVALOS,PAR_gabriel_avalos,21,PAR
5,Gaston OLVEIRA,PAR_gaston_olveira,22,PAR
5,Gatito FERNANDEZ,PAR_gatito_fernandez,1,PAR
5,Gustavo CABALLERO,PAR_gustavo_caballero,24,PAR
5,Gustavo GOMEZ,PAR_gustavo_gomez,15,PAR
5,Gustavo VELAZQUEZ,PAR_gustavo_velazquez,2,PAR
5,Isidro PITTA,PAR_isidro_pitta,25,PAR
5,Jose CANALE,PAR_jose_canale,13,PAR
5,Juan Jose CACERES,PAR_juan_jose_caceres,4,PAR
5,Julio ENCISO,PAR_julio_enciso,19,PAR
5,Junior ALONSO,PAR_junior_alonso,6,PAR
5,Matias GALARZA,PAR_matias_galarza,23,PAR
5,MAURICIO,PAR_mauricio,11,PAR
4,Miguel ALMIRON,PAR_miguel_almiron,10,PAR
5,Omar ALDERETE,PAR_omar_alderete,3,PAR
5,Orlando GILL,PAR_orlando_gill,12,PAR
5,Ramon SOSA,PAR_ramon_sosa,7,PAR
5,BERNARDO SILVA,POR_bernardo_silva,10,POR
5,BRUNO FERNANDES,POR_bruno_fernandes,8,POR
5,CRISTIANO RONALDO,POR_cristiano_ronaldo,7,POR
5,DIOGO COSTA,POR_diogo_costa,1,POR
5,DIOGO DALOT,POR_diogo_dalot,5,POR
5,FRANCISCO CONCEICAO,POR_francisco_conceicao,26,POR
5,FRANCISCO TRINCAO,POR_francisco_trincao,16,POR
5,GONCALO GUEDES,POR_goncalo_guedes,19,POR
5,GONCALO INACIO,POR_goncalo_inacio,14,POR
5,GONCALO RAMOS,POR_goncalo_ramos,9,POR
5,JOAO CANCELO,POR_joao_cancelo,20,POR
5,JOAO FELIX,POR_joao_felix,11,POR
5,JOAO NEVES,POR_joao_neves,15,POR
5,JOSE SA,POR_jose_sa,12,POR
5,MATHEUS NUNES,POR_matheus_nunes,6,POR
5,NELSON SEMEDO,POR_nelson_semedo,2,POR
5,NUNO MENDES,POR_nuno_mendes,25,POR
5,PEDRO NETO,POR_pedro_neto,18,POR
5,RAFAEL LEAO,POR_rafael_leao,17,POR
5,RENATO VEIGA,POR_renato_veiga,13,POR
5,RUBEN DIAS,POR_ruben_dias,3,POR
5,RUBEN NEVES,POR_ruben_neves,21,POR
5,RUI SILVA,POR_rui_silva,22,POR
5,SAMU COSTA,POR_samu_costa,24,POR
5,TOMAS ARAUJO,POR_tomas_araujo,4,POR
5,VITINHA,POR_vitinha,23,POR
3,ABDULAZIZ HATEM,QAT_abdulaziz_hatem,6,QAT
3,AHMED ALAAELDIN,QAT_ahmed_alaaeldin,7,QAT
3,AHMED ALGANEHI,QAT_ahmed_alganehi,17,QAT
3,AHMED FATHY,QAT_ahmed_fathy,20,QAT
3,AKRAM AFIF,QAT_akram_afif,11,QAT
3,ALHASHMI ALHUSSEIN,QAT_alhashmi_alhussein,25,QAT
3,ALMOEZ ALI,QAT_almoez_ali,19,QAT
2,ASSIM MADIBO,QAT_assim_madibo,23,QAT
3,AYOUB ALOUI,QAT_ayoub_aloui,13,QAT
3,BOUALEM KHOUKHI,QAT_boualem_khoukhi,16,QAT
3,EDMILSON JUNIOR,QAT_edmilson_junior,8,QAT
3,HASSAN ALHAYDOS,QAT_hassan_alhaydos,10,QAT
2,HOMAM AHMED,QAT_homam_ahmed,14,QAT
3,ISSA LAYE,QAT_issa_laye,4,QAT
3,JASSEM GABER,QAT_jassem_gaber,5,QAT
3,KARIM BOUDIAF,QAT_karim_boudiaf,12,QAT
3,LUCAS MENDES,QAT_lucas_mendes,3,QAT
3,MAHMOUD ABUNADA,QAT_mahmoud_abunada,1,QAT
3,MESHAAL BARSHAM,QAT_meshaal_barsham,22,QAT
3,MOHAMED MANAI,QAT_mohamed_manai,26,QAT
3,MOHAMMED MUNTARI,QAT_mohammed_muntari,9,QAT
3,PEDRO MIGUEL,QAT_pedro_miguel,2,QAT
3,SALAH ZAKARIA,QAT_salah_zakaria,21,QAT
3,SULTAN ALBRAKE,QAT_sultan_albrake,18,QAT
3,TAHSIN MOHAMMED,QAT_tahsin_mohammed,24,QAT
3,YUSUF ABDURISAG,QAT_yusuf_abdurisag,15,QAT
4,Aubrey MODIBA,RSA_aubrey_modiba,6,RSA
4,Bradley CROSS,RSA_bradley_cross,26,RSA
4,Evidence MAKGOPA,RSA_evidence_makgopa,17,RSA
4,Ime OKON,RSA_ime_okon,21,RSA
4,Iqraam RAYNERS,RSA_iqraam_rayners,15,RSA
4,Jayden ADAMS,RSA_jayden_adams,23,RSA
4,Kamogelo SEBELEBELE,RSA_kamogelo_sebelebele,25,RSA
4,Khuliso MUDAU,RSA_khuliso_mudau,20,RSA
4,Khulumani NDAMANE,RSA_khulumani_ndamane,3,RSA
4,Lyle FOSTER,RSA_lyle_foster,9,RSA
4,Mbekezeli MBOKAZI,RSA_mbekezeli_mbokazi,14,RSA
4,Nkosinathi SIBISI,RSA_nkosinathi_sibisi,19,RSA
4,Olwethu MAKHANYA,RSA_olwethu_makhanya,24,RSA
4,Oswin APPOLLIS,RSA_oswin_appollis,7,RSA
4,Relebohile MOFOKENG,RSA_relebohile_mofokeng,10,RSA
4,Ricardo GOSS,RSA_ricardo_goss,22,RSA
4,Ronwen WILLIAMS,RSA_ronwen_williams,1,RSA
4,Samukele KABINI,RSA_samukele_kabini,18,RSA
4,Sipho CHAINE,RSA_sipho_chaine,16,RSA
3,Sphephelo SITHOLE,RSA_sphephelo_sithole,13,RSA
3,Teboho MOKOENA,RSA_teboho_mokoena,4,RSA
4,Thabang MATULUDI,RSA_thabang_matuludi,2,RSA
4,Thalente MBATHA,RSA_thalente_mbatha,5,RSA
4,Thapelo MASEKO,RSA_thapelo_maseko,12,RSA
1,Themba ZWANE,RSA_themba_zwane,11,RSA
4,Tshepang MOREMI,RSA_tshepang_moremi,8,RSA
3,Aaron HICKEY,SCO_aaron_hickey,2,SCO
3,Andy ROBERTSON,SCO_andy_robertson,3,SCO
3,Angus GUNN,SCO_angus_gunn,1,SCO
3,Anthony RALSTON,SCO_anthony_ralston,24,SCO
3,Ben GANNON-DOAK,SCO_ben_gannon_doak,17,SCO
3,Che ADAMS,SCO_che_adams,10,SCO
3,Craig GORDON,SCO_craig_gordon,21,SCO
3,Dominic HYAM,SCO_dominic_hyam,16,SCO
3,Findlay CURTIS,SCO_findlay_curtis,25,SCO
3,George HIRST,SCO_george_hirst,18,SCO
3,Grant HANLEY,SCO_grant_hanley,5,SCO
3,Jack HENDRY,SCO_jack_hendry,13,SCO
3,John McGINN,SCO_john_mcginn,7,SCO
3,John SOUTTAR,SCO_john_souttar,15,SCO
3,Kenny McLEAN,SCO_kenny_mclean,23,SCO
3,Kieran TIERNEY,SCO_kieran_tierney,6,SCO
3,Lawrence SHANKLAND,SCO_lawrence_shankland,20,SCO
3,Lewis FERGUSON,SCO_lewis_ferguson,19,SCO
3,Liam KELLY,SCO_liam_kelly,12,SCO
3,Lyndon DYKES,SCO_lyndon_dykes,9,SCO
3,Nathan PATTERSON,SCO_nathan_patterson,22,SCO
3,Ross STEWART,SCO_ross_stewart,14,SCO
3,Ryan CHRISTIE,SCO_ryan_christie,11,SCO
3,Scott McKENNA,SCO_scott_mckenna,26,SCO
3,Scott McTOMINAY,SCO_scott_mctominay,4,SCO
3,Tyler FLETCHER,SCO_tyler_fletcher,8,SCO
4,Abdoulaye SECK,SEN_abdoulaye_seck,4,SEN
4,Antoine MENDY,SEN_antoine_mendy,24,SEN
4,Assane DIAO,SEN_assane_diao,7,SEN
4,Bamba DIENG,SEN_bamba_dieng,9,SEN
4,Bara Sapoko NDIAYE,SEN_bara_sapoko_ndiaye,22,SEN
4,Cherif NDIAYE,SEN_cherif_ndiaye,12,SEN
4,Edouard MENDY,SEN_edouard_mendy,16,SEN
4,El Hadji Malick DIOUF,SEN_el_hadji_malick_diouf,25,SEN
4,Habib DIARRA,SEN_habib_diarra,21,SEN
4,Ibrahim MBAYE,SEN_ibrahim_mbaye,20,SEN
4,Idrissa Gana GUEYE,SEN_idrissa_gana_gueye,5,SEN
4,Iliman NDIAYE,SEN_iliman_ndiaye,13,SEN
4,Ismail JAKOBS,SEN_ismail_jakobs,14,SEN
4,Ismaila SARR,SEN_ismaila_sarr,18,SEN
4,Kalidou KOULIBALY,SEN_kalidou_koulibaly,3,SEN
4,Krepin DIATTA,SEN_krepin_diatta,15,SEN
4,Lamine CAMARA,SEN_lamine_camara,8,SEN
4,Mamadou SARR,SEN_mamadou_sarr,2,SEN
4,Mory DIAW,SEN_mory_diaw,23,SEN
4,Moussa NIAKHATE,SEN_moussa_niakhate,19,SEN
4,Nicolas JACKSON,SEN_nicolas_jackson,11,SEN
4,Pape GUEYE,SEN_pape_gueye,26,SEN
4,Pape Matar SARR,SEN_pape_matar_sarr,17,SEN
4,Pathe CISS,SEN_pathe_ciss,6,SEN
4,Sadio MANE,SEN_sadio_mane,10,SEN
4,Yehvann DIOUF,SEN_yehvann_diouf,1,SEN
6,Ardon JASHARI,SUI_ardon_jashari,14,SUI
6,Aurele AMENDA,SUI_aurele_amenda,24,SUI
6,Breel EMBOLO,SUI_breel_embolo,7,SUI
6,Cedric ITTEN,SUI_cedric_itten,26,SUI
6,Christian FASSNACHT,SUI_christian_fassnacht,16,SUI
6,Dan NDOYE,SUI_dan_ndoye,11,SUI
6,Denis ZAKARIA,SUI_denis_zakaria,6,SUI
6,Djibril SOW,SUI_djibril_sow,15,SUI
6,Eray COEMERT,SUI_eray_coemert,18,SUI
6,Fabian RIEDER,SUI_fabian_rieder,22,SUI
6,Granit XHAKA,SUI_granit_xhaka,10,SUI
6,Gregor KOBEL,SUI_gregor_kobel,1,SUI
6,Johan MANZAMBI,SUI_johan_manzambi,9,SUI
6,Luca JAQUEZ,SUI_luca_jaquez,25,SUI
6,Manuel AKANJI,SUI_manuel_akanji,5,SUI
6,Marvin KELLER,SUI_marvin_keller,21,SUI
6,Michel AEBISCHER,SUI_michel_aebischer,20,SUI
6,Miro MUHEIM,SUI_miro_muheim,2,SUI
6,Nico ELVEDI,SUI_nico_elvedi,4,SUI
6,Noah OKAFOR,SUI_noah_okafor,19,SUI
6,Remo FREULER,SUI_remo_freuler,8,SUI
6,Ricardo RODRIGUEZ,SUI_ricardo_rodriguez,13,SUI
6,Ruben VARGAS,SUI_ruben_vargas,17,SUI
6,Silvan WIDMER,SUI_silvan_widmer,3,SUI
6,Yvon MVOGO,SUI_yvon_mvogo,12,SUI
6,Zeki AMDOUNI,SUI_zeki_amdouni,23,SUI
4,Alexander BERNHARDSSON,SWE_alexander_bernhardsson,21,SWE
4,Alexander ISAK,SWE_alexander_isak,9,SWE
4,Anthony ELANGA,SWE_anthony_elanga,11,SWE
4,Benjamin NYGREN,SWE_benjamin_nygren,10,SWE
4,Besfort ZENELI,SWE_besfort_zeneli,22,SWE
4,Carl STARFELT,SWE_carl_starfelt,15,SWE
4,Daniel SVENSSON,SWE_daniel_svensson,8,SWE
4,Elliot STROUD,SWE_elliot_stroud,24,SWE
4,Eric SMITH,SWE_eric_smith,20,SWE
4,Gabriel GUDMUNDSSON,SWE_gabriel_gudmundsson,5,SWE
4,Gustaf LAGERBIELKE,SWE_gustaf_lagerbielke,2,SWE
4,Gustaf NILSSON,SWE_gustaf_nilsson,25,SWE
4,Herman JOHANSSON,SWE_herman_johansson,6,SWE
4,Hjalmar EKDAL,SWE_hjalmar_ekdal,14,SWE
4,Isak HIEN,SWE_isak_hien,4,SWE
4,Jacob WIDELL ZETTERSTROM,SWE_jacob_widell_zetterstrom,1,SWE
4,Jesper KARLSTROM,SWE_jesper_karlstrom,16,SWE
4,Ken SEMA,SWE_ken_sema,13,SWE
4,Kristoffer NORDFELDT,SWE_kristoffer_nordfeldt,23,SWE
4,Lucas BERGVALL,SWE_lucas_bergvall,7,SWE
4,Mattias SVANBERG,SWE_mattias_svanberg,19,SWE
4,Taha ALI,SWE_taha_ali,26,SWE
4,Victor LINDELOF,SWE_victor_lindelof,3,SWE
4,Viktor GYOKERES,SWE_viktor_gyokeres,17,SWE
4,Viktor JOHANSSON,SWE_viktor_johansson,12,SWE
4,Yasin AYARI,SWE_yasin_ayari,18,SWE
3,Adam AROUS,TUN_adam_arous,5,TUN
3,Ali ABDI,TUN_ali_abdi,2,TUN
3,Anis SLIMANE,TUN_anis_slimane,25,TUN
3,Aymen DAHMEN,TUN_aymen_dahmen,16,TUN
3,Dylan BRONN,TUN_dylan_bronn,6,TUN
3,Elias ACHOURI,TUN_elias_achouri,7,TUN
3,Elias SAAD,TUN_elias_saad,8,TUN
3,Ellyes SKHIRI,TUN_ellyes_skhiri,17,TUN
3,Firas CHAOUAT,TUN_firas_chaouat,19,TUN
3,Hannibal MEJBRI,TUN_hannibal_mejbri,10,TUN
3,Hazem MASTOURI,TUN_hazem_mastouri,9,TUN
3,Ismael GHARBI,TUN_ismael_gharbi,11,TUN
3,Khalil AYARI,TUN_khalil_ayari,14,TUN
3,Mohamed Amine BEN HMIDA,TUN_mohamed_amine_ben_hmida,21,TUN
3,Mohamed HADJ MAHMOUD,TUN_mohamed_hadj_mahmoud,15,TUN
3,Montassar TALBI,TUN_montassar_talbi,3,TUN
3,Mortadha BEN OUANES,TUN_mortadha_ben_ouanes,12,TUN
3,Mouhib CHAMAKH,TUN_mouhib_chamakh,1,TUN
3,Moutaz NEFFATI,TUN_moutaz_neffati,23,TUN
3,Omar REKIK,TUN_omar_rekik,4,TUN
3,Raed CHIKHAOUI,TUN_raed_chikhaoui,24,TUN
3,Rani KHEDIRA,TUN_rani_khedira,13,TUN
3,Rayan ELLOUMI,TUN_rayan_elloumi,18,TUN
3,Sabri BEN HESSEN,TUN_sabri_ben_hessen,22,TUN
3,Sebastian TOUNEKTI,TUN_sebastian_tounekti,26,TUN
3,Yan VALERY,TUN_yan_valery,20,TUN
3,Abdulkerim BARDAKCI,TUR_abdulkerim_bardakci,14,TUR
3,Altay BAYINDIR,TUR_altay_bayindir,12,TUR
3,Arda GULER,TUR_arda_guler,8,TUR
3,Baris Alper YILMAZ,TUR_baris_alper_yilmaz,21,TUR
3,Caglar SOYUNCU,TUR_caglar_soyuncu,4,TUR
3,Can UZUN,TUR_can_uzun,26,TUR
3,Deniz GUL,TUR_deniz_gul,9,TUR
3,Eren ELMALI,TUR_eren_elmali,13,TUR
3,Ferdi KADIOGLU,TUR_ferdi_kadioglu,20,TUR
3,Hakan CALHANOGLU,TUR_hakan_calhanoglu,10,TUR
3,Irfan Can KAHVECI,TUR_irfan_can_kahveci,17,TUR
3,Ismail YUKSEK,TUR_ismail_yuksek,16,TUR
3,Kaan AYHAN,TUR_kaan_ayhan,22,TUR
3,Kenan YILDIZ,TUR_kenan_yildiz,11,TUR
3,Kerem AKTURKOGLU,TUR_kerem_akturkoglu,7,TUR
3,Merih DEMIRAL,TUR_merih_demiral,3,TUR
3,Mert GUNOK,TUR_mert_gunok,1,TUR
3,Mert MULDUR,TUR_mert_muldur,18,TUR
3,Oguz AYDIN,TUR_oguz_aydin,24,TUR
3,Orkun KOKCU,TUR_orkun_kokcu,6,TUR
3,Ozan KABAK,TUR_ozan_kabak,15,TUR
3,Salih OZCAN,TUR_salih_ozcan,5,TUR
3,Samet AKAYDIN,TUR_samet_akaydin,25,TUR
3,Ugurcan CAKIR,TUR_ugurcan_cakir,23,TUR
3,Yunus AKGUN,TUR_yunus_akgun,19,TUR
3,Zeki CELIK,TUR_zeki_celik,2,TUR
3,Agustin CANOBBIO,URU_agustin_canobbio,14,URU
3,Brian RODRIGUEZ,URU_brian_rodriguez,18,URU
3,Darwin NUNEZ,URU_darwin_nunez,9,URU
3,Emiliano MARTINEZ,URU_emiliano_martinez,15,URU
3,Facundo PELLISTRI,URU_facundo_pellistri,11,URU
3,Federico VALVERDE,URU_federico_valverde,8,URU
3,Federico VINAS,URU_federico_vinas,21,URU
3,Fernando MUSLERA,URU_fernando_muslera,23,URU
3,Giorgian DE ARRASCAETA,URU_giorgian_de_arrascaeta,10,URU
3,Guillermo VARELA,URU_guillermo_varela,13,URU
3,Joaquin PIQUEREZ,URU_joaquin_piquerez,22,URU
3,Jose Maria GIMENEZ,URU_jose_maria_gimenez,2,URU
3,Juan Manuel SANABRIA,URU_juan_manuel_sanabria,25,URU
3,Manuel UGARTE,URU_manuel_ugarte,5,URU
3,Mathias OLIVERA,URU_mathias_olivera,16,URU
3,Matias VINA,URU_matias_vina,17,URU
3,Maxi ARAUJO,URU_maxi_araujo,20,URU
3,Nicolas DE LA CRUZ,URU_nicolas_de_la_cruz,7,URU
3,Rodrigo AGUIRRE,URU_rodrigo_aguirre,19,URU
3,Rodrigo BENTANCUR,URU_rodrigo_bentancur,6,URU
3,Rodrigo ZALAZAR,URU_rodrigo_zalazar,26,URU
3,Ronald ARAUJO,URU_ronald_araujo,4,URU
3,Santiago BUENO,URU_santiago_bueno,24,URU
3,Santiago MELE,URU_santiago_mele,12,URU
3,Sebastian CACERES,URU_sebastian_caceres,3,URU
3,Sergio ROCHET,URU_sergio_rochet,1,URU
5,Alex FREEMAN,USA_alex_freeman,16,USA
5,Alex ZENDEJAS,USA_alex_zendejas,26,USA
5,Antonee ROBINSON,USA_antonee_robinson,5,USA
5,Auston TRUSTY,USA_auston_trusty,6,USA
5,Brenden AARONSON,USA_brenden_aaronson,11,USA
5,Chris BRADY,USA_chris_brady,25,USA
5,Chris RICHARDS,USA_chris_richards,3,USA
5,Christian PULISIC,USA_christian_pulisic,10,USA
5,Cristian ROLDAN,USA_cristian_roldan,15,USA
5,Folarin BALOGUN,USA_folarin_balogun,20,USA
5,Giovanni REYNA,USA_giovanni_reyna,7,USA
5,Haji WRIGHT,USA_haji_wright,19,USA
5,Joe SCALLY,USA_joe_scally,23,USA
5,Malik TILLMAN,USA_malik_tillman,17,USA
5,Mark McKENZIE,USA_mark_mckenzie,22,USA
5,Matt FREESE,USA_matt_freese,24,USA
5,Matt TURNER,USA_matt_turner,1,USA
5,Max ARFSTEN,USA_max_arfsten,18,USA
5,Miles ROBINSON,USA_miles_robinson,12,USA
5,Ricardo PEPI,USA_ricardo_pepi,9,USA
5,Sebastian BERHALTER,USA_sebastian_berhalter,14,USA
5,Sergino DEST,USA_sergino_dest,2,USA
5,Tim REAM,USA_tim_ream,13,USA
5,Timothy WEAH,USA_timothy_weah,21,USA
5,Tyler ADAMS,USA_tyler_adams,4,USA
5,Weston McKENNIE,USA_weston_mckennie,8,USA
2,Abbosbek FAYZULLAEV,UZB_abbosbek_fayzullaev,22,UZB
2,Abdukodir KHUSANOV,UZB_abdukodir_khusanov,2,UZB
2,Abdulla ABDULLAEV,UZB_abdulla_abdullaev,18,UZB
2,Abduvohid NEMATOV,UZB_abduvohid_nematov,12,UZB
2,Akmal MOZGOVOY,UZB_akmal_mozgovoy,6,UZB
2,Avazbek ULMASALIYEV,UZB_avazbek_ulmasaliyev,25,UZB
2,Azizbek AMONOV,UZB_azizbek_amonov,20,UZB
2,Azizjon GANIEV,UZB_azizjon_ganiev,19,UZB
2,Behruzjon KARIMOV,UZB_behruzjon_karimov,24,UZB
2,Botirali ERGASHEV,UZB_botirali_ergashev,16,UZB
2,Dostonbek KHAMDAMOV,UZB_dostonbek_khamdamov,17,UZB
2,Eldor SHOMURODOV,UZB_eldor_shomurodov,14,UZB
2,Farrukh SAYFIEV,UZB_farrukh_sayfiev,4,UZB
2,Igor SERGEEV,UZB_igor_sergeev,21,UZB
2,Jakhongir UROZOV,UZB_jakhongir_urozov,26,UZB
2,Jamshid ISKANDEROV,UZB_jamshid_iskanderov,8,UZB
2,Khojiakbar ALIJONOV,UZB_khojiakbar_alijonov,3,UZB
2,Odiljon XAMROBEKOV,UZB_odiljon_xamrobekov,9,UZB
2,Oston URUNOV,UZB_oston_urunov,11,UZB
2,Otabek SHUKUROV,UZB_otabek_shukurov,7,UZB
2,Ruslanbek JIYANOV,UZB_ruslanbek_jiyanov,10,UZB
2,Rustam ASHURMATOV,UZB_rustam_ashurmatov,5,UZB
2,Sherzod ESANOV,UZB_sherzod_esanov,23,UZB
2,Sherzod NASRULLAEV,UZB_sherzod_nasrullaev,13,UZB
2,Umar ESHMURODOV,UZB_umar_eshmurodov,15,UZB
2,Utkir YUSUPOV,UZB_utkir_yusupov,1,UZB
